Species num,species,treatment,trial,primary,pennulae,barbs frayed,bg noise (dB),bg noise (Pa),avg power (Pa),average power (dB),diff sum of squares (Pa),dB corrected (dB),SPL partial (dB),,,How each column is calculated:,,notes
10,ACWO,1,1,0,2,0,60.4,0.020942571,0.079621434,72,0.076817846,71.6886426,30.6886426,,,column L (avg - bkg),,
10,ACWO,1,3,0,2,0,60.3,0.020702843,0.107406359,74.6,0.105392212,74.43557044,33.43557044,,,diff sum of squares ,sqrt(avg power Pa^2 - bg noise Pa^2),
10,ACWO,1,2,0,2,0,60.4,0.020942571,0.109908175,74.8,0.107894465,74.63938343,33.63938343,,,dB corrected ,diff sum of squares converted to dB,
10,ACWO,1,3,0,2,0,60.4,0.020942571,0.135216595,76.6,0.13358494,76.4945501,35.4945501,,,column P: SPL partial (Pa),dB corrected (dB) - 41 (dB),41 dB is the known calibration of the microphone relative to the gain settings used for this experiment
10,ACWO,3,2,1,2,0,59.8,0.019544744,0.149978842,77.5,0.148699886,77.42561279,36.42561279,,,,,
10,ACWO,3,1,0,2,0,59.6,0.019099852,0.155249423,77.8,0.154070046,77.73376432,36.73376432,,,,,
10,ACWO,3,3,1,2,0,59.8,0.019544744,0.168279028,78.5,0.167140163,78.44101654,37.44101654,,,,,
10,ACWO,1,1,0,2,0,60.2,0.02046586,0.174192718,78.8,0.172986276,78.73963306,37.73963306,,,,,
10,ACWO,1,3,1,2,0,60.3,0.020702843,0.182402168,79.2,0.181223462,79.14368854,38.14368854,,,,,
10,ACWO,3,1,1,2,0,60,0.02,0.182402168,79.2,0.181302374,79.14746991,38.14746991,,,,,
10,ACWO,3,3,0,2,0,59.6,0.019099852,0.190998517,79.6,0.190041125,79.55635194,38.55635194,,,,,
10,ACWO,3,1,1,2,0,59.8,0.019544744,0.197710619,79.9,0.196742196,79.8573504,38.8573504,,,,,
10,ACWO,1,1,0,2,0,60.3,0.020702843,0.20942571,80.4,0.208399905,80.35735041,39.35735041,,,,,
10,ACWO,3,1,1,2,0,59.5,0.018881218,0.20942571,80.4,0.208572835,80.36455498,39.36455498,,,,,
10,ACWO,3,1,1,2,0,59.8,0.019544744,0.211850745,80.5,0.210947247,80.46287734,39.46287734,,,,,
10,ACWO,3,2,1,2,0,60,0.02,0.221834963,80.9,0.220931552,80.86455497,39.86455497,,,,,
10,ACWO,2,1,1,2,0,59.9,0.019771062,0.229630724,81.2,0.228778003,81.16768537,40.16768537,,,,,
10,ACWO,1,2,0,2,0,60.2,0.02046586,0.2432372,81.7,0.242374677,81.66914495,40.66914495,,,,,
10,ACWO,1,3,1,2,0,60.3,0.020702843,0.246053754,81.8,0.245181243,81.76914495,40.76914495,,,,,
10,ACWO,3,3,1,2,0,60,0.02,0.246053754,81.8,0.245239576,81.77121123,40.77121123,,,,,
10,ACWO,1,3,0,2,0,60.2,0.02046586,0.248902922,81.9,0.2480601,81.87053837,40.87053837,,,,,
10,ACWO,3,2,1,2,0,59.5,0.018881218,0.248902922,81.9,0.248185745,81.87493677,40.87493677,,,,,
10,ACWO,1,2,1,2,0,60.5,0.021185075,0.25764991,82.2,0.256777469,82.17053837,41.17053837,,,,,
10,ACWO,2,3,1,2,0,59.9,0.019771062,0.263651348,82.4,0.262908993,82.37550891,41.37550891,,,,,
10,ACWO,3,3,1,2,0,59.5,0.018881218,0.269792577,82.6,0.269131073,82.57867693,41.57867693,,,,,
10,ACWO,3,1,1,2,0,59.5,0.018881218,0.272916627,82.7,0.272262713,82.67916344,41.67916344,,,,,
10,ACWO,1,2,1,2,0,60.3,0.020702843,0.279273672,82.9,0.278505253,82.87606792,41.87606792,,,,,
10,ACWO,3,2,0,2,0,59.6,0.019099852,0.285778792,83.1,0.285139814,83.08055733,42.08055733,,,,,
10,ACWO,1,3,1,2,0,60.1,0.020231589,0.299247131,83.5,0.298562436,83.4801034,42.4801034,,,,,
10,ACWO,1,2,1,2,0,60.1,0.020231589,0.30271225,83.6,0.30203541,83.58055733,42.58055733,,,,,
10,ACWO,3,2,1,2,0,59.8,0.019544744,0.30271225,83.6,0.302080634,83.58185776,42.58185776,,,,,
10,ACWO,1,1,1,2,0,60.3,0.020702843,0.306217492,83.7,0.305516848,83.6801034,42.6801034,,,,,
10,ACWO,3,2,1,2,0,59.5,0.018881218,0.306217492,83.7,0.305634834,83.68345711,42.68345711,,,,,
10,ACWO,2,2,1,2,0,59.9,0.019771062,0.309763324,83.8,0.309131723,83.78227157,42.78227157,,,,,
10,ACWO,1,1,1,2,0,60.3,0.020702843,0.320649078,84.1,0.319980036,84.08185775,43.08185775,,,,,
10,ACWO,1,2,1,2,0,60.3,0.020702843,0.320649078,84.1,0.319980036,84.08185775,43.08185775,,,,,
10,ACWO,1,1,1,2,0,60,0.02,0.328117955,84.3,0.327507851,84.28383439,43.28383439,,,,,
10,ACWO,3,3,1,2,0,59.5,0.018881218,0.331917381,84.4,0.331379914,84.38592371,43.38592371,,,,,
10,ACWO,2,3,1,2,0,60.4,0.020942571,0.33964873,84.6,0.339002461,84.5834571,43.5834571,,,,,
10,ACWO,1,1,1,2,0,60.1,0.020231589,0.355655882,85,0.355079976,84.98592372,43.98592372,,,,,
10,ACWO,1,3,1,2,0,60,0.02,0.372417427,85.4,0.371880007,85.38745671,44.38745671,,,,,
10,ACWO,2,3,1,2,0,60.1,0.020231589,0.376729818,85.5,0.376186175,85.48745672,44.48745672,,,,,
10,ACWO,1,2,0,2,0,60.3,0.020702843,0.385504983,85.7,0.384948677,85.68745672,44.68745672,,,,,
10,ACWO,3,1,0,2,0,59.2,0.018240217,0.385504983,85.7,0.385073222,85.69026647,44.69026647,,,,,
10,ACWO,1,2,1,2,0,60,0.02,0.399052463,86,0.398550961,85.98907729,44.98907729,,,,,
10,ACWO,3,2,0,2,0,59.3,0.018451429,0.413076031,86.3,0.412663728,86.29132603,45.29132603,,,,,
10,ACWO,3,3,0,2,0,59.3,0.018451429,0.417859226,86.4,0.417451647,86.39152366,45.39152366,,,,,
10,ACWO,1,1,1,2,0,60.5,0.021185075,0.447744228,87,0.44724276,86.99026646,45.99026646,,,,,
10,ACWO,1,3,1,2,0,60.5,0.021185075,0.468845763,87.4,0.468366888,87.39112378,46.39112378,,,,,
10,ACWO,3,1,0,2,0,59.3,0.018451429,0.474274741,87.5,0.473915683,87.4934217,46.4934217,,,,,
10,ACWO,2,2,1,2,0,60.1,0.020231589,0.496626621,87.9,0.496214352,87.89278652,46.89278652,,,,,
10,ACWO,3,3,0,2,0,59.2,0.018240217,0.496626621,87.9,0.496291543,87.89413757,46.89413757,,,,,
10,ACWO,3,3,1,2,0,59.8,0.019544744,0.532145012,88.5,0.531785969,88.49413757,47.49413757,,,,,
10,ACWO,2,1,1,2,0,60.1,0.020231589,0.538306961,88.6,0.537926637,88.59386109,47.59386109,,,,,
10,ACWO,2,1,0,2,0,59.7,0.019321018,0.550845741,88.8,0.550506793,88.79465373,47.79465373,,,,,
10,ACWO,2,2,1,2,0,60.4,0.020942571,0.557224234,88.9,0.556830545,88.89386109,47.89386109,,,,,
10,ACWO,3,2,0,2,0,59.2,0.018240217,0.576806301,89.2,0.576517826,89.19565489,48.19565489,,,,,
10,ACWO,2,3,0,2,0,59.7,0.019321018,0.610984223,89.7,0.610678654,89.69565489,48.69565489,,,,,
10,ACWO,2,1,1,2,0,59.6,0.019099852,0.65468139,90.3,0.654402719,90.29630198,49.29630198,,,,,
10,ACWO,2,1,1,2,0,60.4,0.020942571,0.662262243,90.4,0.661931029,90.39565488,49.39565488,,,,,
10,ACWO,2,3,1,2,0,59.5,0.018881218,0.677688312,90.6,0.677425234,90.59662749,49.59662749,,,,,
10,ACWO,2,3,0,2,0,60.1,0.020231589,0.717843869,91.1,0.717558711,91.0965489,50.0965489,,,,,
10,ACWO,2,2,0,2,0,60.1,0.020231589,0.72615611,91.2,0.725874217,91.1966275,50.1966275,,,,,
10,ACWO,2,1,0,2,0,60.1,0.020231589,0.743070458,91.4,0.742794984,91.39677933,50.39677933,,,,,
10,ACWO,2,2,1,2,0,59.6,0.019099852,0.743070458,91.4,0.742824947,91.39712969,50.39712969,,,,,
10,ACWO,2,2,0,2,0,59.7,0.019321018,0.769183564,91.7,0.768940865,91.69725892,50.69725892,,,,,
10,ACWO,2,2,1,2,0,59.5,0.018881218,0.853159038,92.6,0.852950083,92.5978724,51.5978724,,,,,
10,ACWO,2,3,1,2,0,59.6,0.019099852,0.946302518,93.5,0.946109746,93.49823041,52.49823041,,,,,
10,ACWO,2,1,1,2,0,59.5,0.018881218,0.946302518,93.5,0.946114134,93.4982707,52.4982707,,,,,
16,AMKE,3,2,0,2,0,59.3,0.018451429,0.053214501,68.5,0.049913204,67.94370898,26.94370898,,,,,
16,AMKE,3,2,0,2,0,59.2,0.018240217,0.056367659,69,0.053334862,68.51962354,27.51962354,,,,,
16,AMKE,3,3,0,2,0,59.3,0.018451429,0.061805909,69.8,0.058987415,69.39458741,28.39458741,,,,,
16,AMKE,3,1,1,2,0,59.4,0.018665086,0.062521587,69.9,0.059670457,69.49458733,28.49458733,,,,,
16,AMKE,3,2,0,2,0,59.3,0.018451429,0.062521587,69.9,0.05973687,69.50424932,28.50424932,,,,,
16,AMKE,3,1,0,2,0,59.3,0.018451429,0.064718731,70.2,0.062032725,69.83181721,28.83181721,,,,,
16,AMKE,3,2,1,2,0,59.5,0.018881218,0.066993088,70.5,0.064277317,70.14055486,29.14055486,,,,,
16,AMKE,1,3,0,2,0,59,0.017825019,0.074307046,71.4,0.072137409,71.14261088,30.14261088,,,,,
16,AMKE,1,3,1,2,0,59.5,0.018881218,0.076918356,71.7,0.074564959,71.43009574,30.43009574,,,,,
16,AMKE,1,1,0,2,0,59.1,0.018031423,0.077809029,71.8,0.075690903,71.5602738,30.5602738,,,,,
16,AMKE,1,2,1,2,0,59.2,0.018240217,0.079621434,72,0.077503982,71.76588042,30.76588042,,,,,
16,AMKE,1,2,0,2,0,59,0.017825019,0.079621434,72,0.077600525,71.77669325,30.77669325,,,,,
16,AMKE,1,1,1,2,0,59.2,0.018240217,0.081476056,72.2,0.079408074,71.97669332,30.97669332,,,,,
16,AMKE,1,3,1,2,0,59.2,0.018240217,0.081476056,72.2,0.079408074,71.97669332,30.97669332,,,,,
16,AMKE,1,2,1,2,0,59.2,0.018240217,0.082419504,72.3,0.080375799,72.08190619,31.08190619,,,,,
16,AMKE,3,3,1,2,0,59.4,0.018665086,0.084339301,72.5,0.082247992,72.28190621,31.28190621,,,,,
16,AMKE,3,1,0,2,0,59.3,0.018451429,0.084339301,72.5,0.082296187,72.2869944,31.2869944,,,,,
16,AMKE,1,2,1,2,0,59.2,0.018240217,0.085315904,72.6,0.083343254,72.39680912,31.39680912,,,,,
16,AMKE,2,1,0,2,0,59.8,0.019544744,0.088314089,72.9,0.08612422,72.68190614,31.68190614,,,,,
16,AMKE,1,1,1,2,0,59.3,0.018451429,0.087303166,72.8,0.085331047,72.60154156,31.60154156,,,,,
16,AMKE,1,3,0,2,0,59.1,0.018031423,0.087303166,72.8,0.085420785,72.61067129,31.61067129,,,,,
16,AMKE,1,3,1,2,0,59.2,0.018240217,0.088314089,72.9,0.086409911,72.71067129,31.71067129,,,,,
16,AMKE,3,1,0,2,0,59.2,0.018240217,0.089336718,73,0.087454809,72.81507403,31.81507403,,,,,
16,AMKE,3,1,1,2,0,59.4,0.018665086,0.090371189,73.1,0.088422658,72.91067136,31.91067136,,,,,
16,AMKE,3,3,0,2,0,59.3,0.018451429,0.090371189,73.1,0.088467489,72.91507408,31.91507408,,,,,
16,AMKE,1,3,1,2,0,59.3,0.018451429,0.093547028,73.4,0.091709276,73.22766534,32.22766534,,,,,
16,AMKE,3,1,1,2,0,59.6,0.019099852,0.094630252,73.5,0.092682686,73.3193723,32.3193723,,,,,
16,AMKE,1,1,1,2,0,59.5,0.018881218,0.094630252,73.5,0.092727473,73.32356855,32.32356855,,,,,
16,AMKE,3,3,0,2,0,59.2,0.018240217,0.094630252,73.5,0.09285569,73.33557047,32.33557047,,,,,
16,AMKE,3,3,1,2,0,59.5,0.018881218,0.096834474,73.7,0.094975865,73.53166525,32.53166525,,,,,
16,AMKE,1,3,1,2,0,59.2,0.018240217,0.097955764,73.8,0.096242538,73.64674146,32.64674146,,,,,
16,AMKE,3,2,1,2,0,59.3,0.018451429,0.099090038,73.9,0.097356974,73.74674143,32.74674143,,,,,
16,AMKE,3,2,1,2,0,59.4,0.018665086,0.101398142,74.1,0.099665429,73.95029091,32.95029091,,,,,
16,AMKE,1,1,1,2,0,59.2,0.018240217,0.101398142,74.1,0.099744061,73.957141,32.957141,,,,,
16,AMKE,2,3,0,2,0,59.8,0.019544744,0.103760008,74.3,0.101902612,74.14310637,33.14310637,,,,,
16,AMKE,2,2,0,2,0,59.5,0.018881218,0.106176889,74.5,0.104484599,74.36044567,33.36044567,,,,,
16,AMKE,3,2,1,2,0,59.4,0.018665086,0.106176889,74.5,0.104523425,74.36367271,33.36367271,,,,,
16,AMKE,1,2,1,2,0,59.3,0.018451429,0.107406359,74.6,0.105809597,74.46990126,33.46990126,,,,,
16,AMKE,1,2,0,2,0,59.1,0.018031423,0.108650066,74.7,0.107143383,74.57870722,33.57870722,,,,,
16,AMKE,1,3,0,2,0,59.1,0.018031423,0.109908175,74.8,0.108418978,74.68150624,33.68150624,,,,,
16,AMKE,3,3,1,2,0,59.3,0.018451429,0.111180851,74.9,0.109639073,74.77870721,33.77870721,,,,,
16,AMKE,3,3,1,2,0,59.4,0.018665086,0.112468265,75,0.110908634,74.87870725,33.87870725,,,,,
16,AMKE,1,1,1,2,0,59.2,0.018240217,0.112468265,75,0.1109793,74.88423974,33.88423974,,,,,
16,AMKE,1,1,0,2,0,59.1,0.018031423,0.115087987,75.2,0.113666673,75.09206305,34.09206305,,,,,
16,AMKE,2,1,0,2,0,60,0.02,0.117768731,75.4,0.116058063,75.27290645,34.27290645,,,,,
16,AMKE,3,3,1,2,0,59.6,0.019099852,0.120511917,75.6,0.11898873,75.48951665,34.48951665,,,,,
16,AMKE,2,2,0,2,0,59.8,0.019544744,0.121907379,75.7,0.120330429,75.58690936,34.58690936,,,,,
16,AMKE,2,3,0,2,0,60,0.02,0.124746967,75.9,0.123133285,75.78690938,34.78690938,,,,,
16,AMKE,1,2,0,2,0,59.1,0.018031423,0.123319,75.8,0.121993621,75.70614252,34.70614252,,,,,
16,AMKE,3,1,1,2,0,59.3,0.018451429,0.124746967,75.9,0.123374838,75.80393196,34.80393196,,,,,
16,AMKE,2,1,0,2,0,59.5,0.018881218,0.135216595,76.6,0.133891849,76.51448285,35.51448285,,,,,
16,AMKE,2,2,0,2,0,60,0.02,0.143228682,77.1,0.14182544,77.01448286,36.01448286,,,,,
16,AMKE,3,2,1,2,0,59.6,0.019099852,0.146564907,77.3,0.145315063,77.22561279,36.22561279,,,,,
16,AMKE,2,3,0,2,0,59.5,0.018881218,0.158865647,78,0.157739638,77.93821688,36.93821688,,,,,
16,AMKE,2,2,1,2,0,59.7,0.019321018,0.160705224,78.1,0.159539548,78.03676722,37.03676722,,,,,
16,AMKE,1,1,0,2,0,59,0.017825019,0.162566103,78.2,0.161585911,78.14746989,37.14746989,,,,,
16,AMKE,3,1,1,2,0,59.5,0.018881218,0.16444853,78.3,0.163361007,78.24236813,37.24236813,,,,,
16,AMKE,1,2,1,2,0,59.5,0.018881218,0.168279028,78.5,0.167216419,78.44497847,37.44497847,,,,,
16,AMKE,2,3,1,2,0,59.7,0.019321018,0.180314228,79.1,0.179276097,79.04984788,38.04984788,,,,,
16,AMKE,2,2,1,2,0,59.5,0.018881218,0.204658598,80.2,0.203785773,80.16287732,39.16287732,,,,,
16,AMKE,2,3,1,2,0,59.5,0.018881218,0.229630724,81.2,0.22885316,81.17053837,40.17053837,,,,,
16,AMKE,2,2,1,2,0,60.1,0.020231589,0.234979511,81.4,0.234106927,81.36768538,40.36768538,,,,,
16,AMKE,2,1,1,2,0,59.7,0.019321018,0.246053754,81.8,0.245294003,81.77313871,40.77313871,,,,,
16,AMKE,2,3,1,2,0,60.1,0.020231589,0.282507509,83,0.281782142,82.9776694,41.9776694,,,,,
16,AMKE,2,1,1,2,0,60.1,0.020231589,0.292435435,83.3,0.291734754,83.27916346,42.27916346,,,,,
16,AMKE,2,1,1,2,0,59.5,0.018881218,0.292435435,83.3,0.291825262,83.28185775,42.28185775,,,,,
16,AMKE,2,1,1,2,0,59.6,0.019099852,0.331917381,84.4,0.331367384,84.38559528,43.38559528,,,,,
16,AMKE,2,2,1,2,0,59.6,0.019099852,0.355655882,85,0.35514265,84.98745671,43.98745671,,,,,
16,AMKE,2,3,1,2,0,59.6,0.019099852,0.417859226,86.4,0.417422482,86.39091681,45.39091681,,,,,
16,AMKE,2,1,1,2,0,60.1,0.020231589,0.468845763,87.4,0.468409044,87.39190552,46.39190552,,,,,
16,AMKE,2,3,1,2,0,60.1,0.020231589,0.496626621,87.9,0.496214352,87.89278652,46.89278652,,,,,
16,AMKE,2,2,1,2,0,60.1,0.020231589,0.72615611,91.2,0.725874217,91.1966275,50.1966275,,,,,
3,BDOW,1,1,1,2,0,59.4,0.018665086,0.025764991,62.2,0.017760893,58.96869612,17.96869612,,,,,
3,BDOW,1,1,0,2,0,59.9,0.019771062,0.030271225,63.6,0.022922744,61.18473199,20.18473199,,,,,
3,BDOW,1,2,0,2,0,59.7,0.019321018,0.030621749,63.7,0.023756889,61.49519146,20.49519146,,,,,
3,BDOW,1,2,0,2,0,59.9,0.019771062,0.032064908,64.1,0.025244077,62.02259007,21.02259007,,,,,
3,BDOW,1,2,1,2,0,59.8,0.019544744,0.035158472,64.9,0.029225351,63.29459477,22.29459477,,,,,
3,BDOW,1,3,0,2,0,59.9,0.019771062,0.035565588,65,0.029563764,63.3945947,22.3945947,,,,,
3,BDOW,1,2,1,2,0,59.7,0.019321018,0.035158472,64.9,0.029373737,63.33858409,22.33858409,,,,,
3,BDOW,1,3,0,2,0,60.7,0.021678538,0.038109214,65.6,0.031342514,63.90207665,22.90207665,,,,,
3,BDOW,1,1,1,2,0,59.8,0.019544744,0.03681544,65.3,0.031199032,63.86222251,22.86222251,,,,,
3,BDOW,1,1,0,2,0,59.7,0.019321018,0.037241743,65.4,0.031837803,64.03826185,23.03826185,,,,,
3,BDOW,1,3,0,2,0,59.7,0.019321018,0.037241743,65.4,0.031837803,64.03826185,23.03826185,,,,,
3,BDOW,1,3,0,2,0,59.7,0.019321018,0.038109214,65.6,0.032848295,64.30965661,23.30965661,,,,,
3,BDOW,1,3,0,2,0,60.2,0.02046586,0.039448455,65.9,0.033724311,64.53826189,23.53826189,,,,,
3,BDOW,1,2,0,2,0,59.4,0.018665086,0.037672982,65.5,0.032724122,64.27676005,23.27676005,,,,,
3,BDOW,1,1,0,2,0,59.4,0.018665086,0.038996892,65.8,0.03423992,64.67005502,23.67005502,,,,,
3,BDOW,1,3,1,2,0,59.4,0.018665086,0.039905246,66,0.035270997,64.92775478,23.92775478,,,,,
3,BDOW,1,3,1,2,0,59.8,0.019544744,0.040834759,66.2,0.035853598,65.0700551,24.0700551,,,,,
3,BDOW,1,1,0,2,0,60.5,0.021185075,0.042759242,66.6,0.037142232,65.37675998,24.37675998,,,,,
3,BDOW,1,1,1,2,0,59.8,0.019544744,0.041307603,66.3,0.036391222,65.1993329,24.1993329,,,,,
3,BDOW,1,3,1,2,0,59.8,0.019544744,0.041307603,66.3,0.036391222,65.1993329,24.1993329,,,,,
3,BDOW,1,1,0,2,0,60.2,0.02046586,0.042269781,66.5,0.036984902,65.33988948,24.33988948,,,,,
3,BDOW,1,2,1,2,0,60.5,0.021185075,0.04325437,66.7,0.03771118,65.5088026,24.5088026,,,,,
3,BDOW,1,2,0,2,0,60.5,0.021185075,0.04325437,66.7,0.03771118,65.5088026,24.5088026,,,,,
3,BDOW,1,1,1,2,0,60.2,0.02046586,0.04325437,66.7,0.038106287,65.59933274,24.59933274,,,,,
3,BDOW,1,2,1,2,0,59.2,0.018240217,0.041785923,66.4,0.037594652,65.48192142,24.48192142,,,,,
3,BDOW,1,1,0,2,0,60.7,0.021678538,0.045292886,67.1,0.039767908,65.97005501,24.97005501,,,,,
3,BDOW,1,3,0,2,0,59.3,0.018451429,0.042269781,66.5,0.038029977,65.58192135,24.58192135,,,,,
3,BDOW,3,1,0,2,0,59.4,0.018665086,0.043755232,66.8,0.039574422,65.92769174,24.92769174,,,,,
3,BDOW,1,1,0,2,0,59.4,0.018665086,0.044261894,66.9,0.040133899,66.04962709,25.04962709,,,,,
3,BDOW,1,1,0,2,0,59.3,0.018451429,0.044261894,66.9,0.040232574,66.07095651,25.07095651,,,,,
3,BDOW,1,2,0,2,0,60.7,0.021678538,0.047976658,67.6,0.042799541,66.6081823,25.6081823,,,,,
3,BDOW,1,1,1,2,0,59.7,0.019321018,0.045817353,67.2,0.041544291,66.34962708,25.34962708,,,,,
3,BDOW,1,3,0,2,0,59.4,0.018665086,0.045292886,67.1,0.041268149,66.2916998,25.2916998,,,,,
3,BDOW,1,1,1,2,0,60,0.02,0.046884576,67.4,0.042404758,66.52769179,25.52769179,,,,,
3,BDOW,1,2,1,2,0,60.2,0.02046586,0.047427474,67.5,0.042784505,66.60513031,25.60513031,,,,,
3,BDOW,1,3,0,2,0,59.4,0.018665086,0.047427474,67.5,0.043600228,66.76917523,25.76917523,,,,,
3,BDOW,1,3,1,2,0,59.5,0.018881218,0.047976658,67.6,0.044105094,66.86917513,25.86917513,,,,,
3,BDOW,1,1,0,2,0,59.7,0.019321018,0.048532202,67.7,0.044520477,66.95059631,25.95059631,,,,,
3,BDOW,1,1,1,2,0,60.6,0.021430386,0.05260536,68.4,0.048042299,67.61187565,26.61187565,,,,,
3,BDOW,1,1,1,2,0,60.4,0.020942571,0.05260536,68.4,0.048256944,67.65059635,26.65059635,,,,,
3,BDOW,1,3,0,2,0,60.5,0.021185075,0.053214501,68.5,0.048815732,67.75059625,26.75059625,,,,,
3,BDOW,1,2,0,2,0,59.7,0.019321018,0.053214501,68.5,0.049583076,67.88606932,26.88606932,,,,,
3,BDOW,1,2,0,2,0,60.2,0.02046586,0.055722423,68.9,0.051827956,68.27068168,27.27068168,,,,,
3,BDOW,1,2,1,2,0,60,0.02,0.055722423,68.9,0.052009503,68.3010542,27.3010542,,,,,
3,BDOW,3,3,0,2,0,59.4,0.018665086,0.055722423,68.9,0.052503362,68.38314231,27.38314231,,,,,
3,BDOW,3,2,0,2,0,59.4,0.018665086,0.05768063,69.2,0.05457719,68.71962348,27.71962348,,,,,
3,BDOW,1,3,1,2,0,60.8,0.021929564,0.061098422,69.7,0.057027286,69.10105422,28.10105422,,,,,
3,BDOW,3,2,1,2,0,59.4,0.018665086,0.05834854,69.3,0.055282607,68.83117046,27.83117046,,,,,
3,BDOW,1,3,1,2,0,60.2,0.02046586,0.061098422,69.7,0.057568791,69.18314233,28.18314233,,,,,
3,BDOW,1,1,1,2,0,60.5,0.021185075,0.062521587,69.9,0.058822967,69.3703386,28.3703386,,,,,
3,BDOW,3,3,0,2,0,59.2,0.018240217,0.060399034,69.6,0.05757897,69.18467793,28.18467793,,,,,
3,BDOW,1,3,1,2,0,60.6,0.021430386,0.064718731,70.2,0.061067608,69.69561821,28.69561821,,,,,
3,BDOW,1,2,0,2,0,59.3,0.018451429,0.061805909,69.8,0.058987415,69.39458741,28.39458741,,,,,
3,BDOW,1,2,1,2,0,59.4,0.018665086,0.063245553,70,0.06042859,69.60424936,28.60424936,,,,,
3,BDOW,3,3,0,2,0,59.4,0.018665086,0.063977902,70.1,0.061194661,69.71367072,28.71367072,,,,,
3,BDOW,1,2,0,2,0,59.4,0.018665086,0.064718731,70.2,0.061968772,69.82285789,28.82285789,,,,,
3,BDOW,1,3,1,2,0,59.2,0.018240217,0.065468139,70.3,0.062875844,69.94907659,28.94907659,,,,,
3,BDOW,1,2,1,2,0,59.5,0.018881218,0.066226224,70.4,0.063477652,70.03181722,29.03181722,,,,,
3,BDOW,1,2,1,2,0,59.8,0.019544744,0.066993088,70.5,0.064078677,70.11367079,29.11367079,,,,,
3,BDOW,1,1,1,2,0,60.8,0.021929564,0.070150375,70.9,0.066634596,70.45339542,29.45339542,,,,,
3,BDOW,3,1,1,2,0,59.4,0.018665086,0.066993088,70.5,0.06434041,70.14907662,29.14907662,,,,,
3,BDOW,1,3,1,2,0,59.7,0.019321018,0.067768831,70.6,0.064956237,70.23181723,29.23181723,,,,,
3,BDOW,3,2,1,2,0,59.3,0.018451429,0.066993088,70.5,0.064402008,70.15738823,29.15738823,,,,,
3,BDOW,3,2,1,2,0,59.4,0.018665086,0.068553557,70.7,0.065963662,70.36549528,29.36549528,,,,,
3,BDOW,3,3,1,2,0,59.4,0.018665086,0.068553557,70.7,0.065963662,70.36549528,29.36549528,,,,,
3,BDOW,1,3,1,2,0,60.4,0.020942571,0.070962678,71,0.067801994,70.60424941,29.60424941,,,,,
3,BDOW,1,1,1,2,0,59.5,0.018881218,0.071784387,71.1,0.069256753,70.7886426,29.7886426,,,,,
3,BDOW,3,3,0,2,0,59.3,0.018451429,0.07345646,71.3,0.07110131,71.01695214,30.01695214,,,,,
3,BDOW,1,1,1,2,0,59.2,0.018240217,0.07345646,71.3,0.071155787,71.02360459,30.02360459,,,,,
3,BDOW,1,2,1,2,0,60.8,0.021929564,0.078710015,71.9,0.07559339,71.54907658,30.54907658,,,,,
3,BDOW,1,3,1,2,0,60.5,0.021185075,0.078710015,71.9,0.075805403,71.57340326,30.57340326,,,,,
3,BDOW,1,1,1,2,0,60.8,0.021929564,0.079621434,72,0.07654193,71.65738821,30.65738821,,,,,
3,BDOW,3,1,1,2,0,60.2,0.02046586,0.078710015,71.9,0.07600273,71.59598398,30.59598398,,,,,
3,BDOW,3,2,1,2,0,60.2,0.02046586,0.078710015,71.9,0.07600273,71.59598398,30.59598398,,,,,
3,BDOW,3,1,0,2,0,59.2,0.018240217,0.078710015,71.9,0.076567362,71.66027379,30.66027379,,,,,
3,BDOW,3,3,0,2,0,59.8,0.019544744,0.080543407,72.1,0.078136057,71.83642991,30.83642991,,,,,
3,BDOW,3,3,1,2,0,60.2,0.02046586,0.081476056,72.2,0.078863783,71.91695221,30.91695221,,,,,
3,BDOW,1,2,1,2,0,60.4,0.020942571,0.083373877,72.4,0.080700756,72.1169522,31.1169522,,,,,
3,BDOW,3,1,1,2,0,59.8,0.019544744,0.082419504,72.3,0.080068581,72.0486427,31.0486427,,,,,
3,BDOW,1,2,1,2,0,60.6,0.021430386,0.084339301,72.5,0.081571173,72.21013423,31.21013423,,,,,
3,BDOW,3,2,0,2,0,59.2,0.018240217,0.081476056,72.2,0.079408074,71.97669332,30.97669332,,,,,
3,BDOW,1,3,1,2,0,60,0.02,0.084339301,72.5,0.081933618,72.2486427,31.2486427,,,,,
3,BDOW,3,2,0,2,0,59.4,0.018665086,0.083373877,72.4,0.081257725,72.17669331,31.17669331,,,,,
3,BDOW,3,2,1,2,0,59.8,0.019544744,0.084339301,72.5,0.082043407,72.26027385,31.26027385,,,,,
3,BDOW,3,3,1,2,0,59.3,0.018451429,0.083373877,72.4,0.081306507,72.1819062,31.1819062,,,,,
3,BDOW,3,3,0,2,0,60.6,0.021430386,0.087303166,72.8,0.084632035,72.53009576,31.53009576,,,,,
3,BDOW,3,1,0,2,0,59.4,0.018665086,0.089336718,73,0.087365117,72.80616139,31.80616139,,,,,
3,BDOW,3,2,0,2,0,59.5,0.018881218,0.091417638,73.2,0.089446544,73.01067134,32.01067134,,,,,
3,BDOW,3,1,1,2,0,59.4,0.018665086,0.091417638,73.2,0.089491894,73.01507408,32.01507408,,,,,
3,BDOW,3,2,1,2,0,59.6,0.019099852,0.092476204,73.3,0.090482285,73.11067131,32.11067131,,,,,
3,BDOW,3,1,0,2,0,59.5,0.018881218,0.092476204,73.3,0.090528161,73.11507404,32.11507404,,,,,
3,BDOW,3,2,0,2,0,59.8,0.019544744,0.095726018,73.6,0.093709517,73.41507404,32.41507404,,,,,
3,BDOW,3,3,1,2,0,59.8,0.019544744,0.097955764,73.8,0.095986117,73.62356856,32.62356856,,,,,
3,BDOW,3,1,0,2,0,59.8,0.019544744,0.099090038,73.9,0.097143392,73.72766537,32.72766537,,,,,
3,BDOW,3,2,0,2,0,59.3,0.018451429,0.100237447,74,0.098524568,73.85029089,32.85029089,,,,,
3,BDOW,3,2,1,2,0,59.8,0.019544744,0.101398142,74.1,0.099496664,73.9355705,32.9355705,,,,,
3,BDOW,3,3,1,2,0,59.8,0.019544744,0.103760008,74.3,0.101902612,74.14310637,33.14310637,,,,,
3,BDOW,1,3,1,2,0,60.8,0.021929564,0.106176889,74.5,0.103887564,74.31067135,33.31067135,,,,,
3,BDOW,3,1,1,2,0,59.6,0.019099852,0.103760008,74.3,0.101986935,74.15029089,33.15029089,,,,,
3,BDOW,3,1,1,2,0,59.3,0.018451429,0.106176889,74.5,0.104561353,74.36682397,33.36682397,,,,,
3,BDOW,1,2,1,2,0,60.8,0.021929564,0.112468265,75,0.110309586,74.83166521,33.83166521,,,,,
3,BDOW,3,1,1,2,0,59.8,0.019544744,0.111180851,74.9,0.109449461,74.76367267,33.76367267,,,,,
3,BDOW,3,1,1,2,0,59.6,0.019099852,0.111180851,74.9,0.109527975,74.76990124,33.76990124,,,,,
3,BDOW,3,1,1,2,0,59.6,0.019099852,0.111180851,74.9,0.109527975,74.76990124,33.76990124,,,,,
3,BDOW,1,2,1,2,0,60.8,0.021929564,0.119132429,75.5,0.117096669,75.3502909,34.3502909,,,,,
3,BDOW,3,2,1,2,0,59.4,0.018665086,0.117768731,75.4,0.116280216,75.28951666,34.28951666,,,,,
3,BDOW,3,2,0,2,0,60.6,0.021430386,0.121907379,75.7,0.120008948,75.56367266,34.56367266,,,,,
3,BDOW,3,2,0,2,0,59.9,0.019771062,0.120511917,75.6,0.118879045,75.48150621,34.48150621,,,,,
3,BDOW,3,1,0,2,0,60.6,0.021430386,0.124746967,75.9,0.12289241,75.76990128,34.76990128,,,,,
3,BDOW,3,3,1,2,0,59.6,0.019099852,0.124746967,75.9,0.123276119,75.79697913,34.79697913,,,,,
3,BDOW,3,1,0,2,0,59.3,0.018451429,0.124746967,75.9,0.123374838,75.80393196,34.80393196,,,,,
3,BDOW,3,3,0,2,0,59.3,0.018451429,0.126191469,76,0.124835218,75.90614256,34.90614256,,,,,
3,BDOW,2,2,1,2,0,60.1,0.020231589,0.13213869,76.4,0.130580688,76.29697917,35.29697917,,,,,
3,BDOW,3,2,1,2,0,59.6,0.019099852,0.13213869,76.4,0.130751019,76.30830175,35.30830175,,,,,
3,BDOW,3,2,1,2,0,59.6,0.019099852,0.133668784,76.5,0.132297163,76.41041074,35.41041074,,,,,
3,BDOW,3,2,1,2,0,60,0.02,0.135216595,76.6,0.133729307,76.50393197,35.50393197,,,,,
3,BDOW,3,3,0,2,0,59.5,0.018881218,0.136782329,76.7,0.135472894,76.61644828,35.61644828,,,,,
3,BDOW,3,2,1,2,0,59.3,0.018451429,0.136782329,76.7,0.135532101,76.62024348,35.62024348,,,,,
3,BDOW,3,3,1,2,0,59.6,0.019099852,0.141589157,77,0.140294993,76.92024352,35.92024352,,,,,
3,BDOW,3,3,0,2,0,59.9,0.019771062,0.143228682,77.1,0.141857536,77.01644831,36.01644831,,,,,
3,BDOW,3,1,1,2,0,59.4,0.018665086,0.143228682,77.1,0.142007288,77.02561277,36.02561277,,,,,
3,BDOW,3,2,0,2,0,59.3,0.018451429,0.143228682,77.1,0.142035207,77.02732028,36.02732028,,,,,
3,BDOW,3,1,1,2,0,60,0.02,0.144887192,77.2,0.143500169,77.11644832,36.11644832,,,,,
3,BDOW,3,3,1,2,0,60,0.02,0.146564907,77.3,0.145193912,77.2183682,36.2183682,,,,,
3,BDOW,3,3,1,2,0,59.6,0.019099852,0.148262048,77.4,0.147026632,77.32732027,36.32732027,,,,,
3,BDOW,3,3,1,2,0,59.3,0.018451429,0.148262048,77.4,0.147109414,77.33220939,36.33220939,,,,,
3,BDOW,1,3,1,2,0,60.8,0.021929564,0.157047127,77.9,0.155508502,77.81448287,36.81448287,,,,,
3,BDOW,3,1,0,2,0,59.9,0.019771062,0.160705224,78.1,0.159484401,78.03376431,37.03376431,,,,,
3,BDOW,3,1,1,2,0,59.3,0.018451429,0.162566103,78.2,0.16151558,78.14368852,37.14368852,,,,,
3,BDOW,1,3,1,2,0,61,0.022440369,0.168279028,78.5,0.166776081,78.42207536,37.42207536,,,,,
3,BDOW,3,2,1,2,0,59.4,0.018665086,0.168279028,78.5,0.167240682,78.4462387,37.4462387,,,,,
3,BDOW,1,1,1,2,0,60.8,0.021929564,0.17219875,78.7,0.170796674,78.62898825,37.62898825,,,,,
3,BDOW,2,3,1,2,0,59.6,0.019099852,0.170227608,78.6,0.169152695,78.54497851,37.54497851,,,,,
3,BDOW,3,3,1,2,0,59.5,0.018881218,0.17219875,78.7,0.171160478,78.64746988,37.64746988,,,,,
3,BDOW,3,1,1,2,0,59.5,0.018881218,0.174192718,78.8,0.173166402,78.74867273,37.74867273,,,,,
3,BDOW,3,3,1,2,0,59.4,0.018665086,0.176209775,78.9,0.175218433,78.85099594,37.85099594,,,,,
3,BDOW,2,2,1,2,0,59.5,0.018881218,0.178250188,79,0.177247367,78.95099594,37.95099594,,,,,
3,BDOW,2,2,1,2,0,59.6,0.019099852,0.180314228,79.1,0.179299795,79.05099595,38.05099595,,,,,
3,BDOW,2,3,1,2,0,59.5,0.018881218,0.180314228,79.1,0.17932295,79.05211759,38.05211759,,,,,
3,BDOW,1,1,1,2,0,61,0.022440369,0.184514285,79.3,0.183144618,79.23528332,38.23528332,,,,,
3,BDOW,3,1,1,2,0,59.4,0.018665086,0.182402168,79.2,0.181444662,79.15428402,38.15428402,,,,,
3,BDOW,1,2,1,2,0,61,0.022440369,0.18665086,79.4,0.185296987,79.33676724,38.33676724,,,,,
3,BDOW,3,2,1,2,0,59.5,0.018881218,0.188812175,79.5,0.187865742,79.45635193,38.45635193,,,,,
3,BDOW,3,3,1,2,0,59.4,0.018665086,0.2,80,0.199127132,79.96200885,38.96200885,,,,,
3,BDOW,2,1,1,2,0,59.6,0.019099852,0.204658598,80.2,0.203765398,80.16200883,39.16200883,,,,,
3,BDOW,2,2,1,2,0,59.7,0.019321018,0.207028433,80.3,0.20612489,80.26200883,39.26200883,,,,,
3,BDOW,3,1,0,2,0,59.3,0.018451429,0.214303861,80.6,0.213508055,80.56768538,39.56768538,,,,,
3,BDOW,2,1,1,2,0,60.1,0.020231589,0.229630724,81.2,0.228737737,81.16615648,40.16615648,,,,,
3,BDOW,2,3,1,2,0,60.1,0.020231589,0.229630724,81.2,0.228737737,81.16615648,40.16615648,,,,,
3,BDOW,2,2,1,2,0,59.6,0.019099852,0.229630724,81.2,0.228835017,81.16984974,40.16984974,,,,,
3,BDOW,2,2,0,2,0,59.5,0.018881218,0.234979511,81.4,0.234219705,81.37186868,40.37186868,,,,,
3,BDOW,2,1,1,2,0,59.5,0.018881218,0.2432372,81.7,0.242503268,81.673752,40.673752,,,,,
3,BDOW,2,3,1,2,0,59.6,0.019099852,0.248902922,81.9,0.248169015,81.87435124,40.87435124,,,,,
3,BDOW,2,1,0,2,0,59.5,0.018881218,0.251785082,82,0.251076138,81.97550889,40.97550889,,,,,
3,BDOW,2,3,0,2,0,59.5,0.018881218,0.269792577,82.6,0.269131073,82.57867693,41.57867693,,,,,
3,BDOW,2,3,1,2,0,59.8,0.019544744,0.272916627,82.7,0.272215885,82.67766939,41.67766939,,,,,
3,BDOW,3,3,1,2,0,59.4,0.018665086,0.279273672,82.9,0.278649239,82.88055732,41.88055732,,,,,
3,BDOW,2,1,0,2,0,59.6,0.019099852,0.292435435,83.3,0.291811034,83.28143426,42.28143426,,,,,
3,BDOW,2,3,0,2,0,59.9,0.019771062,0.30271225,83.6,0.302065906,83.58143427,42.58143427,,,,,
3,BDOW,2,2,0,2,0,59.9,0.019771062,0.306217492,83.7,0.305578562,83.68185774,42.68185774,,,,,
3,BDOW,2,1,1,2,0,59.8,0.019544744,0.316978638,84,0.316375505,83.9834571,42.9834571,,,,,
3,BDOW,2,2,1,2,0,59.6,0.019099852,0.324362019,84.2,0.323799189,84.18491523,43.18491523,,,,,
3,BDOW,2,1,1,2,0,59.7,0.019321018,0.335760804,84.5,0.335204439,84.4855953,43.4855953,,,,,
3,BDOW,2,2,0,2,0,59.5,0.018881218,0.335760804,84.5,0.335229499,84.48624465,43.48624465,,,,,
3,BDOW,2,2,1,2,0,59.7,0.019321018,0.343581677,84.7,0.343037996,84.68624463,43.68624463,,,,,
3,BDOW,2,3,1,2,0,59.6,0.019099852,0.343581677,84.7,0.343050382,84.68655823,43.68655823,,,,,
3,BDOW,2,3,1,2,0,59.7,0.019321018,0.347560166,84.8,0.347022719,84.78655824,43.78655824,,,,,
3,BDOW,2,3,0,2,0,59.6,0.019099852,0.363940172,85.2,0.363438639,85.18802204,44.18802204,,,,,
3,BDOW,2,1,0,2,0,59.5,0.018881218,0.363940172,85.2,0.363450063,85.18829506,44.18829506,,,,,
3,BDOW,2,3,1,2,0,59.7,0.019321018,0.376729818,85.5,0.376234042,85.48856184,44.48856184,,,,,
3,BDOW,2,1,1,2,0,59.6,0.019099852,0.376729818,85.5,0.376245334,85.48882254,44.48882254,,,,,
3,BDOW,2,1,1,2,0,59.7,0.019321018,0.381092144,85.6,0.38060205,85.58882255,44.58882255,,,,,
3,BDOW,2,1,1,2,0,60,0.02,0.385504983,85.7,0.384985833,85.68829506,44.68829506,,,,,
3,BDOW,2,1,1,2,0,59.7,0.019321018,0.385504983,85.7,0.385020506,85.6890773,44.6890773,,,,,
3,BDOW,2,1,1,2,0,59.6,0.019099852,0.38996892,85.8,0.389500904,85.78956949,44.78956949,,,,,
3,BDOW,2,2,1,2,0,60,0.02,0.394484547,85.9,0.39397723,85.88882254,44.88882254,,,,,
3,BDOW,2,1,1,2,0,59.8,0.019544744,0.394484547,85.9,0.394000077,85.88932622,44.88932622,,,,,
3,BDOW,2,3,1,2,0,60,0.02,0.399052463,86,0.398550961,85.98907729,44.98907729,,,,,
3,BDOW,2,2,0,2,0,59.6,0.019099852,0.403673273,86.1,0.403221164,86.09026646,45.09026646,,,,,
3,BDOW,2,1,1,2,0,60,0.02,0.417859226,86.4,0.417380321,86.39003947,45.39003947,,,,,
3,BDOW,2,2,1,2,0,59.7,0.019321018,0.422697808,86.5,0.422256007,86.49091681,45.49091681,,,,,
3,BDOW,2,2,1,2,0,59.8,0.019544744,0.427592418,86.6,0.427145501,86.59091681,45.59091681,,,,,
3,BDOW,2,2,1,2,0,59.8,0.019544744,0.427592418,86.6,0.427145501,86.59091681,45.59091681,,,,,
3,BDOW,2,1,1,2,0,59.6,0.019099852,0.427592418,86.6,0.427165625,86.59132603,45.59132603,,,,,
3,BDOW,2,2,0,2,0,59.7,0.019321018,0.437552325,86.8,0.437125537,86.79152367,45.79152367,,,,,
3,BDOW,2,1,0,2,0,59.6,0.019099852,0.452928862,87.1,0.452525966,87.09227016,46.09227016,,,,,
3,BDOW,2,2,1,2,0,59.6,0.019099852,0.452928862,87.1,0.452525966,87.09227016,46.09227016,,,,,
3,BDOW,2,3,1,2,0,59.6,0.019099852,0.458173531,87.2,0.457775251,87.19244627,46.19244627,,,,,
3,BDOW,2,2,1,2,0,60,0.02,0.46347893,87.3,0.46304721,87.29190552,46.29190552,,,,,
3,BDOW,2,3,1,2,0,59.7,0.019321018,0.46347893,87.3,0.463076038,87.29244626,46.29244626,,,,,
3,BDOW,2,3,0,2,0,59.7,0.019321018,0.479766584,87.6,0.479377381,87.59295085,46.59295085,,,,,
3,BDOW,2,2,0,2,0,59.5,0.018881218,0.479766584,87.6,0.479394905,87.59326836,46.59326836,,,,,
3,BDOW,2,3,0,2,0,59.6,0.019099852,0.502377286,88,0.502014077,87.99371799,46.99371799,,,,,
3,BDOW,2,1,0,2,0,59.9,0.019771062,0.508194541,88.1,0.507809804,88.09342171,47.09342171,,,,,
3,BDOW,2,2,0,2,0,59.6,0.019099852,0.508194541,88.1,0.507835492,88.09386109,47.09386109,,,,,
3,BDOW,2,1,0,2,0,59.7,0.019321018,0.514079157,88.2,0.513715951,88.1938611,47.1938611,,,,,
3,BDOW,2,3,0,2,0,59.5,0.018881218,0.526053598,88.4,0.525714645,88.39440159,47.39440159,,,,,
3,BDOW,2,3,1,2,0,59.6,0.019099852,0.532145012,88.5,0.531802134,88.4944016,47.4944016,,,,,
3,BDOW,2,3,1,2,0,59.8,0.019544744,0.557224234,88.9,0.556881361,88.89465373,47.89465373,,,,,
3,BDOW,2,3,0,2,0,59.5,0.018881218,0.590241845,89.4,0.589939773,89.39555361,48.39555361,,,,,
3,BDOW,2,1,1,2,0,59.6,0.019099852,0.603990344,89.6,0.603688273,89.59565488,48.59565488,,,,,
3,BDOW,2,1,0,2,0,59.5,0.018881218,0.625215873,89.9,0.624930706,89.89603737,48.89603737,,,,,
3,BDOW,2,2,1,2,0,59.6,0.019099852,0.65468139,90.3,0.654402719,90.29630198,49.29630198,,,,,
3,BDOW,2,3,1,2,0,60,0.02,0.662262243,90.4,0.661960179,90.39603738,49.39603738,,,,,
3,BDOW,2,2,1,2,0,60,0.02,0.701503748,90.9,0.701218588,90.89646849,49.89646849,,,,,
3,BDOW,2,1,0,2,0,60.3,0.020702843,0.734564601,91.3,0.7342728,91.29654891,50.29654891,,,,,
3,BDOW,2,2,0,2,0,60.3,0.020702843,0.751674809,91.5,0.751389653,91.49670429,50.49670429,,,,,
3,BDOW,2,1,1,2,0,60,0.02,0.805434069,92.1,0.805185717,92.09732134,51.09732134,,,,,
3,BDOW,2,1,0,2,0,60,0.02,0.873031664,92.8,0.872802547,92.79772019,51.79772019,,,,,
3,BDOW,2,3,1,2,0,60,0.02,1.025722768,94.2,1.025527765,94.19834854,53.19834854,,,,,
3,BDOW,2,2,0,2,0,60,0.02,1.111808515,94.9,1.111628613,94.89859443,53.89859443,,,,,
3,BDOW,2,3,0,2,0,60.3,0.020702843,1.12468265,95,1.124492088,94.99852817,53.99852817,,,,,
3,BDOW,2,3,0,2,0,60,0.02,1.191324287,95.5,1.191156395,95.49877582,54.49877582,,,,,
2,BNOW,1,1,1,2,0,60.6,0.021430386,0.034756017,64.8,0.027362735,62.72259022,21.72259022,,,,,
2,BNOW,1,1,1,2,0,60.5,0.021185075,0.035977418,65.1,0.029078638,63.25088138,22.25088138,,,,,
2,BNOW,1,3,1,2,0,60.6,0.021430386,0.038109214,65.6,0.031512708,63.94911451,22.94911451,,,,,
2,BNOW,1,2,0,2,0,60.4,0.020942571,0.040834759,66.2,0.035055474,64.87451698,23.87451698,,,,,
2,BNOW,1,3,0,2,0,60.4,0.020942571,0.040834759,66.2,0.035055474,64.87451698,23.87451698,,,,,
2,BNOW,1,3,0,2,0,60.7,0.021678538,0.041785923,66.4,0.035722603,65.03826198,24.03826198,,,,,
2,BNOW,1,2,1,2,0,60.6,0.021430386,0.041785923,66.4,0.035872021,65.07451708,24.07451708,,,,,
2,BNOW,1,1,0,2,0,60.4,0.020942571,0.041307603,66.3,0.035605151,65.00965675,24.00965675,,,,,
2,BNOW,1,3,1,2,0,60.5,0.021185075,0.04325437,66.7,0.03771118,65.5088026,24.5088026,,,,,
2,BNOW,1,3,1,2,0,60.7,0.021678538,0.044774423,67,0.039176395,65.83988954,24.83988954,,,,,
2,BNOW,1,1,1,2,0,60.7,0.021678538,0.045817353,67.2,0.040364227,66.0993329,25.0993329,,,,,
2,BNOW,1,2,1,2,0,60.6,0.021430386,0.045817353,67.2,0.040496523,66.12775486,25.12775486,,,,,
2,BNOW,1,2,1,2,0,60.5,0.021185075,0.047976658,67.6,0.043045933,66.65804251,25.65804251,,,,,
2,BNOW,1,2,0,2,0,60.7,0.021678538,0.048532202,67.7,0.043421373,66.7334711,25.7334711,,,,,
2,BNOW,1,2,0,2,0,60.7,0.021678538,0.048532202,67.7,0.043421373,66.7334711,25.7334711,,,,,
2,BNOW,1,3,1,2,0,60.6,0.021430386,0.049094178,67.8,0.044169864,66.88192129,25.88192129,,,,,
2,BNOW,1,2,1,2,0,60.6,0.021430386,0.050819454,68.1,0.046079881,67.24962712,26.24962712,,,,,
2,BNOW,1,1,0,2,0,60.7,0.021678538,0.051407916,68.2,0.046613462,67.34962723,26.34962723,,,,,
2,BNOW,1,2,1,2,0,60.7,0.021678538,0.053214501,68.5,0.048598602,67.7118756,26.7118756,,,,,
2,BNOW,1,3,1,2,0,60.6,0.021430386,0.053830696,68.6,0.049380992,67.85059632,26.85059632,,,,,
2,BNOW,1,1,1,2,0,60.6,0.021430386,0.059024185,69.4,0.0549963,68.78606947,27.78606947,,,,,
2,BNOW,1,1,1,2,0,60.6,0.021430386,0.062521587,69.9,0.05873404,69.35719751,28.35719751,,,,,
2,BNOW,1,3,0,2,0,60.7,0.021678538,0.065468139,70.3,0.061774738,69.79561828,28.79561828,,,,,
2,BNOW,1,1,0,2,0,60.7,0.021678538,0.066226224,70.4,0.062577582,69.90777561,28.90777561,,,,,
2,BNOW,3,2,0,2,0,59.2,0.018240217,0.078710015,71.9,0.076567362,71.66027379,30.66027379,,,,,
2,BNOW,3,3,0,2,0,59.2,0.018240217,0.078710015,71.9,0.076567362,71.66027379,30.66027379,,,,,
2,BNOW,3,2,0,2,0,59.3,0.018451429,0.082419504,72.3,0.080327576,72.07669328,31.07669328,,,,,
2,BNOW,3,1,0,2,0,59.2,0.018240217,0.088314089,72.9,0.086409911,72.71067129,31.71067129,,,,,
2,BNOW,3,1,0,2,0,59.3,0.018451429,0.093547028,73.4,0.091709276,73.22766534,32.22766534,,,,,
2,BNOW,3,2,0,2,0,59.5,0.018881218,0.096834474,73.7,0.094975865,73.53166525,32.53166525,,,,,
2,BNOW,3,3,0,2,0,59.5,0.018881218,0.107406359,74.6,0.105733748,74.46367267,33.46367267,,,,,
2,BNOW,3,3,1,2,0,59.5,0.018881218,0.120511917,75.6,0.119023618,75.49206307,34.49206307,,,,,
2,BNOW,3,3,1,2,0,59.4,0.018665086,0.123319,75.8,0.121898279,75.69935154,34.69935154,,,,,
2,BNOW,3,1,1,2,0,59.3,0.018451429,0.123319,75.8,0.121930802,75.70166871,34.70166871,,,,,
2,BNOW,3,3,1,2,0,59.5,0.018881218,0.130626111,76.3,0.129254325,76.20830175,35.20830175,,,,,
2,BNOW,3,3,1,2,0,59.3,0.018451429,0.135216595,76.6,0.133951754,76.51836817,35.51836817,,,,,
2,BNOW,3,3,0,2,0,59.3,0.018451429,0.138366194,76.8,0.137130407,76.72207536,35.72207536,,,,,
2,BNOW,3,1,0,2,0,59.5,0.018881218,0.143228682,77.1,0.141978713,77.02386479,36.02386479,,,,,
2,BNOW,3,2,1,2,0,59.5,0.018881218,0.143228682,77.1,0.141978713,77.02386479,36.02386479,,,,,
2,BNOW,3,2,1,2,0,59.3,0.018451429,0.144887192,77.2,0.143707492,77.12898827,36.12898827,,,,,
2,BNOW,3,1,1,2,0,59.5,0.018881218,0.146564907,77.3,0.145343633,77.2273203,36.2273203,,,,,
2,BNOW,3,2,1,2,0,59.4,0.018665086,0.149978842,77.5,0.148812861,77.43220942,36.43220942,,,,,
2,BNOW,3,1,1,2,0,59.4,0.018665086,0.151715515,77.6,0.150562984,77.53376434,36.53376434,,,,,
2,BNOW,3,2,1,2,0,59.6,0.019099852,0.166352754,78.4,0.165252638,78.34236812,37.34236812,,,,,
2,BNOW,3,1,1,2,0,59.6,0.019099852,0.182402168,79.2,0.181399412,79.15211757,38.15211757,,,,,
2,BNOW,3,2,1,2,0,59.5,0.018881218,0.193210176,79.7,0.192285391,79.6583259,38.6583259,,,,,
2,BNOW,3,3,1,2,0,59.6,0.019099852,0.195447444,79.8,0.194511951,79.75832588,38.75832588,,,,,
2,BNOW,3,1,1,2,0,59.5,0.018881218,0.207028433,80.3,0.206165641,80.26372587,39.26372587,,,,,
2,BNOW,2,2,0,2,0,59.4,0.018665086,0.224403691,81,0.223626097,80.96984975,39.96984975,,,,,
2,BNOW,2,1,0,2,0,59.4,0.018665086,0.229630724,81.2,0.228870889,81.17121123,40.17121123,,,,,
2,BNOW,2,2,0,2,0,59.5,0.018881218,0.2432372,81.7,0.242503268,81.673752,40.673752,,,,,
2,BNOW,2,1,0,2,0,59.5,0.018881218,0.248902922,81.9,0.248185745,81.87493677,40.87493677,,,,,
2,BNOW,2,1,0,2,0,59.7,0.019321018,0.260633356,82.3,0.259916226,82.27606793,41.27606793,,,,,
2,BNOW,2,2,1,2,0,59.4,0.018665086,0.266704286,82.5,0.266050354,82.4786769,41.4786769,,,,,
2,BNOW,2,2,0,2,0,59.7,0.019321018,0.276076853,82.8,0.27539994,82.77867692,41.77867692,,,,,
2,BNOW,2,1,1,2,0,59.4,0.018665086,0.279273672,82.9,0.278649239,82.88055732,41.88055732,,,,,
2,BNOW,2,3,0,2,0,59.7,0.019321018,0.299247131,83.5,0.298622745,83.48185774,42.48185774,,,,,
2,BNOW,2,3,1,2,0,59.9,0.019771062,0.306217492,83.7,0.305578562,83.68185774,42.68185774,,,,,
2,BNOW,2,2,1,2,0,60.2,0.02046586,0.316978638,84,0.316317255,83.98185774,42.98185774,,,,,
2,BNOW,2,3,1,2,0,60.2,0.02046586,0.316978638,84,0.316317255,83.98185774,42.98185774,,,,,
2,BNOW,2,2,1,2,0,59.9,0.019771062,0.324362019,84.2,0.323758899,84.18383437,43.18383437,,,,,
2,BNOW,2,1,1,2,0,59.9,0.019771062,0.347560166,84.8,0.346997369,84.78592372,43.78592372,,,,,
2,BNOW,2,3,0,2,0,59.5,0.018881218,0.3681544,85.3,0.367669909,85.28856183,44.28856183,,,,,
2,BNOW,2,1,1,2,0,60.2,0.02046586,0.381092144,85.6,0.380542206,85.58745672,44.58745672,,,,,
2,BNOW,2,3,1,2,0,59.4,0.018665086,0.385504983,85.7,0.385052862,85.6898072,44.6898072,,,,,
2,BNOW,2,3,1,2,0,59.4,0.018665086,0.403673273,86.1,0.403241523,86.09070501,45.09070501,,,,,
2,BNOW,2,3,0,2,0,59.4,0.018665086,0.442618942,86.9,0.442225217,86.89227016,45.89227016,,,,,
2,BNOW,2,1,1,2,0,59.8,0.019544744,0.458173531,87.2,0.457756472,87.19208995,46.19208995,,,,,
2,BNOW,2,1,1,2,0,59.4,0.018665086,0.474274741,87.5,0.473907316,87.49326836,46.49326836,,,,,
2,BNOW,2,2,1,2,0,59.4,0.018665086,0.485322019,87.7,0.484962964,87.69357156,46.69357156,,,,,
2,BNOW,2,2,1,2,0,59.8,0.019544744,0.508194541,88.1,0.507818565,88.09357156,47.09357156,,,,,
2,BNOW,2,3,1,2,0,59.8,0.019544744,0.514079157,88.2,0.513707487,88.193718,47.193718,,,,,
7,C sp,1,2,0,1,0,61.5,0.023770045,2.377004455,101.5,2.376885602,101.4995657,60.49956568,,,,,
7,C sp,3,3,0,1,0,60.4,0.020942571,2.404528869,101.6,2.404437666,101.5996705,60.59967054,,,,,
7,C sp,1,2,1,1,0,60.8,0.021929564,2.432372001,101.7,2.432273144,101.699647,60.69964698,,,,,
7,C sp,3,1,0,1,0,60.4,0.020942571,2.606333557,102.3,2.606249416,102.2997196,61.29971959,,,,,
7,C sp,3,2,1,1,0,58.9,0.017620977,2.729166273,102.7,2.729109387,102.699819,61.69981895,,,,,
7,C sp,1,1,1,1,0,60.8,0.021929564,2.857787917,103.1,2.857703776,103.0997443,62.09974426,,,,,
7,C sp,3,1,1,1,0,58.9,0.017620977,3.357608036,104.5,3.357561798,104.4998804,63.49988038,,,,,
7,C sp,3,2,0,1,0,60.4,0.020942571,3.396487305,104.6,3.396422739,104.5998349,63.59983488,,,,,
7,C sp,3,3,1,1,0,58.9,0.017620977,3.396487305,104.6,3.396441596,104.5998831,63.59988311,,,,,
7,C sp,1,3,0,1,0,61.5,0.023770045,3.435816774,104.7,3.435734549,104.6997921,63.69979213,,,,,
7,C sp,2,3,0,1,0,59.8,0.019544744,3.515847228,104.9,3.515792903,104.8998658,63.89986579,,,,,
7,C sp,2,1,0,1,0,59.8,0.019544744,3.724174273,105.4,3.724122987,105.3998804,64.39988038,,,,,
7,C sp,2,2,0,1,0,59.8,0.019544744,3.8996892,105.8,3.899640222,105.7998909,64.79989091,,,,,
7,C sp,2,2,1,1,0,68.9,0.055722423,5.260535984,108.4,5.260240855,108.3995127,67.39951269,,,,,
7,C sp,1,1,0,1,0,61.5,0.023770045,5.260535984,108.4,5.260482281,108.3999113,67.39991133,,,,,
7,C sp,1,3,1,1,0,60.8,0.021929564,5.383069608,108.6,5.383024939,108.5999279,67.59992792,,,,,
7,C sp,2,3,1,1,0,68.9,0.055722423,6.397790219,110.1,6.397547553,110.0996705,69.09967054,,,,,
7,C sp,2,1,1,1,0,68.9,0.055722423,6.855355731,110.7,6.855129263,110.6997131,69.69971306,,,,,
4,CBG,1,2,1,0,0,90.6,0.677688312,1.164206436,95.3,0.946633603,93.50303842,52.50303842,,,,,
4,CBG,1,1,0,0,0,59.8,0.019544744,0.647187314,90.2,0.646892126,90.19603738,49.19603738,,,,,
4,CBG,1,2,0,0,0,59.8,0.019544744,0.751674809,91.5,0.751420669,91.49706282,50.49706282,,,,,
4,CBG,1,3,0,0,0,59.8,0.019544744,0.751674809,91.5,0.751420669,91.49706282,50.49706282,,,,,
4,CBG,3,2,1,0,0,59.8,0.019544744,0.805434069,92.1,0.805196897,92.09744194,51.09744194,,,,,
4,CBG,3,3,1,0,0,59.8,0.019544744,0.814760556,92.2,0.814526099,92.19750018,51.19750018,,,,,
4,CBG,2,1,0,0,0,60.2,0.02046586,0.863038154,92.7,0.862795459,92.6975571,51.6975571,,,,,
4,CBG,3,1,1,0,0,59.8,0.019544744,0.914176379,93.2,0.913967426,93.19801444,52.19801444,,,,,
4,CBG,3,1,1,0,0,59.7,0.019321018,0.946302518,93.5,0.946105255,93.49818918,52.49818918,,,,,
4,CBG,3,1,1,0,0,59.6,0.019099852,0.946302518,93.5,0.946109746,93.49823041,52.49823041,,,,,
4,CBG,1,1,1,0,0,60,0.02,0.957260185,93.6,0.957051233,93.59810383,52.59810383,,,,,
4,CBG,3,3,0,0,0,59.6,0.019099852,0.957260185,93.6,0.95706962,93.5982707,52.5982707,,,,,
4,CBG,2,2,0,0,0,60.2,0.02046586,0.968344735,93.7,0.968128439,93.69805964,52.69805964,,,,,
4,CBG,1,2,1,0,0,60,0.02,0.968344735,93.7,0.968138175,93.69814699,52.69814699,,,,,
4,CBG,2,3,0,0,0,60.2,0.02046586,1.002374467,94,1.002165516,93.99818918,52.99818918,,,,,
4,CBG,3,3,1,0,0,59.6,0.019099852,1.013981417,94.1,1.013801514,94.0984588,53.0984588,,,,,
4,CBG,3,2,0,0,0,59.6,0.019099852,1.025722768,94.2,1.025544925,94.19849388,53.19849388,,,,,
4,CBG,3,1,0,0,0,59.6,0.019099852,1.04961492,94.4,1.049441126,94.39856167,53.39856167,,,,,
4,CBG,1,2,1,0,0,59.6,0.019099852,1.150879875,95.2,1.150721375,95.19880369,54.19880369,,,,,
4,CBG,3,2,1,0,0,59.7,0.019321018,1.164206436,95.3,1.1640461,95.29880369,54.29880369,,,,,
4,CBG,3,3,1,0,0,59.7,0.019321018,1.233190004,95.8,1.233038639,95.7989338,54.7989338,,,,,
4,CBG,2,2,1,0,0,59.7,0.019321018,1.276526972,96.1,1.276380746,96.09900497,55.09900497,,,,,
4,CBG,1,3,1,0,0,60,0.02,1.321386896,96.4,1.321235531,96.39900497,55.39900497,,,,,
4,CBG,1,3,1,0,0,59.6,0.019099852,1.352165951,96.6,1.352031048,96.59913338,55.59913338,,,,,
4,CBG,3,2,1,0,0,59.6,0.019099852,1.367823295,96.7,1.367689936,96.69915311,55.69915311,,,,,
4,CBG,1,1,1,0,0,59.6,0.019099852,1.399683992,96.9,1.399553669,96.89919123,55.89919123,,,,,
4,CBG,2,1,1,0,0,60.3,0.020702843,1.415891569,97,1.415740205,96.9990714,55.9990714,,,,,
4,CBG,2,3,1,0,0,60.3,0.020702843,1.415891569,97,1.415740205,96.9990714,55.9990714,,,,,
4,CBG,2,1,1,0,0,59.7,0.019321018,1.570471269,97.9,1.570352414,97.89934262,56.89934262,,,,,
4,CBG,2,3,1,0,0,59.7,0.019321018,1.570471269,97.9,1.570352414,97.89934262,56.89934262,,,,,
4,CBG,2,2,1,0,0,59.7,0.019321018,1.588656469,98,1.588538975,97.99935758,56.99935758,,,,,
4,CBG,2,3,1,0,0,59.7,0.019321018,1.702276076,98.6,1.702166425,98.59944048,57.59944048,,,,,
4,CBG,2,2,1,0,0,60.3,0.020702843,1.782501876,99,1.782381646,98.99941411,57.99941411,,,,,
4,CBG,2,1,1,0,0,59.7,0.019321018,1.782501876,99,1.78239716,98.99948972,57.99948972,,,,,
4,CBG,1,1,1,0,0,90.6,0.677688312,2.517850824,102,2.424935324,101.6734033,60.67340328,,,,,
4,CBG,1,3,1,0,0,90.6,0.677688312,2.576499103,102.2,2.485776776,101.8886426,60.88864261,,,,,
8,CM,1,3,1,0,0,61,0.022440369,2.023158909,100.1,2.023034454,100.0994657,59.09946567,,,,,
8,CM,2,2,1,0,0,60.7,0.021678538,2.070284333,100.3,2.070170829,100.2995238,59.29952378,,,,,
8,CM,2,3,1,0,0,60.7,0.021678538,2.11850745,100.5,2.11839653,100.4995452,59.49954521,,,,,
8,CM,2,1,1,0,0,60.7,0.021678538,2.14303861,100.6,2.142928959,100.5995556,59.59955556,,,,,
8,CM,2,1,0,0,0,60.1,0.020231589,2.192956392,100.8,2.192863065,100.7996303,59.79963034,,,,,
8,CM,2,3,0,0,0,60.1,0.020231589,2.244036909,101,2.243945706,100.999647,59.99964698,,,,,
8,CM,2,2,0,0,0,60.1,0.020231589,2.296307243,101.2,2.296218116,101.1996629,60.19966287,,,,,
8,CM,3,2,1,0,0,61.4,0.023497951,2.636513477,102.4,2.636408762,102.399655,61.39965501,,,,,
8,CM,1,1,1,0,0,61,0.022440369,2.667042864,102.5,2.666948456,102.4996925,61.49969253,,,,,
8,CM,3,3,1,0,0,61.4,0.023497951,2.760768529,102.8,2.760668527,102.7996854,61.79968537,,,,,
8,CM,3,1,1,0,0,61.4,0.023497951,2.958216776,103.4,2.958123449,103.399726,62.39972597,,,,,
8,CM,1,3,0,0,0,60.8,0.021929564,2.958216776,103.4,2.958135492,103.3997613,62.39976133,,,,,
8,CM,1,1,0,0,0,60.8,0.021929564,3.243620195,104.2,3.243546063,104.1998015,63.19980149,,,,,
8,CM,1,2,0,0,0,60.8,0.021929564,3.475601657,104.8,3.475532473,104.7998271,63.7998271,,,,,
8,CM,1,2,1,0,0,61,0.022440369,3.8996892,105.8,3.899624634,105.7998562,64.79985619,,,,,
15,CORA,2,2,1,0,0,59.5,0.018881218,0.502377286,88,0.502022347,87.99386109,46.99386109,,,,,
15,CORA,3,2,1,0,0,59.6,0.019099852,0.625215873,89.9,0.624924062,89.89594503,48.89594503,,,,,
15,CORA,2,3,1,0,0,59.5,0.018881218,0.77809029,91.8,0.777861169,91.79744193,50.79744193,,,,,
15,CORA,1,2,1,0,0,60.2,0.02046586,0.903711889,93.1,0.90348012,93.0977721,52.0977721,,,,,
15,CORA,2,1,1,0,0,59.5,0.018881218,0.903711889,93.1,0.903514625,93.09810382,52.09810382,,,,,
15,CORA,1,3,1,0,0,60.2,0.02046586,0.968344735,93.7,0.968128439,93.69805964,52.69805964,,,,,
15,CORA,1,1,1,0,0,60.2,0.02046586,0.979557639,93.8,0.979343819,93.79810382,52.79810382,,,,,
15,CORA,3,1,1,0,0,59.6,0.019099852,1.002374467,94,1.00219248,93.99842288,52.99842288,,,,,
15,CORA,3,3,1,0,0,59.6,0.019099852,1.025722768,94.2,1.025544925,94.19849388,53.19849388,,,,,
15,CORA,3,2,0,0,0,60.2,0.02046586,1.04961492,94.4,1.049415375,94.39834854,53.39834854,,,,,
15,CORA,1,3,0,0,0,60.2,0.02046586,1.086500663,94.7,1.086307893,94.69845879,53.69845879,,,,,
15,CORA,1,3,1,0,0,60.7,0.021678538,1.164206436,95.3,1.164004582,95.29849388,54.29849388,,,,,
15,CORA,1,1,0,0,0,60.2,0.02046586,1.219073794,95.7,1.218901991,95.69877582,54.69877582,,,,,
15,CORA,1,2,0,0,0,60.2,0.02046586,1.219073794,95.7,1.218901991,95.69877582,54.69877582,,,,,
15,CORA,3,1,0,0,0,60.2,0.02046586,1.219073794,95.7,1.218901991,95.69877582,54.69877582,,,,,
15,CORA,3,3,1,0,0,60.5,0.021185075,1.276526972,96.1,1.276351168,96.09880369,55.09880369,,,,,
15,CORA,3,3,0,0,0,60.2,0.02046586,1.306261105,96.3,1.306100771,96.2989338,55.2989338,,,,,
15,CORA,2,1,1,0,0,60.8,0.021929564,1.352165951,96.6,1.351988111,96.59885754,55.59885754,,,,,
15,CORA,1,1,1,0,0,60.3,0.020702843,1.383661942,96.8,1.383507052,96.79902763,55.79902763,,,,,
15,CORA,3,2,1,0,0,59.6,0.019099852,1.383661942,96.8,1.38353011,96.79917239,55.79917239,,,,,
15,CORA,2,1,0,0,0,60.1,0.020231589,1.43228682,97.1,1.432143923,97.09913338,56.09913338,,,,,
15,CORA,2,2,1,0,0,60.8,0.021929564,1.607052244,98.1,1.606902613,98.09919123,57.09919123,,,,,
15,CORA,3,1,1,0,0,60.5,0.021185075,1.607052244,98.1,1.606912601,98.09924522,57.09924522,,,,,
15,CORA,2,2,0,0,0,60.1,0.020231589,1.625661032,98.2,1.625535135,98.1993273,57.1993273,,,,,
15,CORA,2,3,1,0,0,60.8,0.021929564,1.6444853,98.3,1.644339076,98.29922763,57.29922763,,,,,
15,CORA,3,2,1,0,0,60.5,0.021185075,1.663527542,98.4,1.66339264,98.3992956,57.3992956,,,,,
15,CORA,2,3,1,0,0,60.4,0.020942571,1.663527542,98.4,1.663395711,98.39931163,57.39931163,,,,,
15,CORA,1,2,1,0,0,60.3,0.020702843,1.663527542,98.4,1.663398712,98.3993273,57.3993273,,,,,
15,CORA,2,3,0,0,0,60.1,0.020231589,1.663527542,98.4,1.663404511,98.39935758,57.39935758,,,,,
15,CORA,1,3,1,0,0,60.3,0.020702843,1.682790283,98.5,1.682662928,98.49934262,57.49934262,,,,,
15,CORA,3,3,1,0,0,59.6,0.019099852,1.682790283,98.5,1.682681887,98.49944048,57.49944048,,,,,
15,CORA,3,1,1,0,0,59.6,0.019099852,1.702276076,98.6,1.702168921,98.59945322,57.59945322,,,,,
15,CORA,1,1,1,0,0,61.2,0.022963072,1.721987504,98.7,1.721834388,98.69922763,57.69922763,,,,,
15,CORA,2,1,1,0,0,60.4,0.020942571,1.762097746,98.9,1.76197329,98.8993865,57.8993865,,,,,
15,CORA,1,2,1,0,0,60.7,0.021678538,1.803142275,99.1,1.803011954,99.09937221,58.09937221,,,,,
15,CORA,1,2,1,0,0,61.2,0.022963072,1.824021679,99.2,1.823877129,99.19931164,58.19931164,,,,,
15,CORA,2,2,1,0,0,60.4,0.020942571,1.824021679,99.2,1.823901449,99.19942745,58.19942745,,,,,
15,CORA,1,1,1,0,0,60.7,0.021678538,1.909985172,99.6,1.909862141,99.59944048,58.59944048,,,,,
15,CORA,3,3,1,0,0,60.5,0.021185075,1.909985172,99.6,1.909867679,99.59946567,58.59946567,,,,,
15,CORA,1,3,1,0,0,61.2,0.022963072,2.11850745,100.5,2.118382995,100.4994897,59.49948972,,,,,
15,CORA,2,2,1,0,0,60.4,0.020942571,2.34979511,101.4,2.349701783,101.399655,60.39965501,,,,,
15,CORA,3,1,1,0,0,60.5,0.021185075,2.377004455,101.5,2.376910047,101.499655,60.49965501,,,,,
15,CORA,3,2,1,0,0,60.5,0.021185075,2.404528869,101.6,2.404435542,101.5996629,60.59966287,,,,,
15,CORA,2,3,1,0,0,60.4,0.020942571,2.636513477,102.4,2.636430299,102.399726,61.39972597,,,,,
15,CORA,2,1,1,0,0,60.4,0.020942571,2.890879541,103.2,2.890803682,103.1997721,62.19977207,,,,,
5,CS,1,3,1,0,0,59.6,0.019099852,0.590241845,89.4,0.589932735,89.39544999,48.39544999,,,,,
5,CS,1,1,1,0,0,59.6,0.019099852,0.685535573,90.7,0.685269449,90.69662749,49.69662749,,,,,
5,CS,1,2,1,0,0,59.6,0.019099852,0.853159038,92.6,0.852945215,92.59782283,51.59782283,,,,,
5,CS,3,2,1,0,0,59.6,0.019099852,0.957260185,93.6,0.95706962,93.5982707,52.5982707,,,,,
5,CS,3,3,1,0,0,59.6,0.019099852,1.099081748,94.8,1.098915777,94.79868826,53.79868826,,,,,
5,CS,3,1,1,0,0,59.6,0.019099852,1.137705862,95.1,1.137545526,95.09877582,54.09877582,,,,,
5,CS,3,2,1,0,0,59.6,0.019099852,1.150879875,95.2,1.150721375,95.19880369,54.19880369,,,,,
5,CS,3,3,1,0,0,59.6,0.019099852,1.150879875,95.2,1.150721375,95.19880369,54.19880369,,,,,
5,CS,3,1,1,0,0,59.6,0.019099852,1.261914689,96,1.261770137,95.99900498,54.99900498,,,,,
5,CS,1,2,1,0,0,60,0.02,1.367823295,96.7,1.367677069,96.6990714,55.6990714,,,,,
5,CS,2,2,1,0,0,59.7,0.019321018,1.367823295,96.7,1.36768683,96.69913338,55.69913338,,,,,
5,CS,2,1,1,0,0,59.7,0.019321018,1.43228682,97.1,1.432156497,97.09920964,56.09920964,,,,,
5,CS,2,3,1,0,0,59.7,0.019321018,1.570471269,97.9,1.570352414,97.89934262,56.89934262,,,,,
5,CS,2,1,1,0,0,59.6,0.019099852,1.803142275,99.1,1.803041114,99.09951269,58.09951269,,,,,
5,CS,2,3,1,0,0,59.6,0.019099852,1.803142275,99.1,1.803041114,99.09951269,58.09951269,,,,,
5,CS,2,2,1,0,0,59.6,0.019099852,2.023158909,100.1,2.02306875,100.0996129,59.09961292,,,,,
5,CS,1,1,1,0,0,60,0.02,2.377004455,101.5,2.376920314,101.4996925,60.49969253,,,,,
5,CS,1,3,1,0,0,60,0.02,3.243620195,104.2,3.243558535,104.1998349,63.19983488,,,,,
14,EP,3,1,1,0,1,59.9,0.019771062,0.873031664,92.8,0.872807763,92.7977721,51.7977721,,,,,
14,EP,3,2,1,0,1,59.9,0.019771062,0.979557639,93.8,0.979358092,93.79823041,52.79823041,,,,,
14,EP,3,3,1,0,1,59.9,0.019771062,0.990900382,93.9,0.99070312,93.8982707,52.8982707,,,,,
14,EP,2,3,1,0,1,60.1,0.020231589,1.177687311,95.4,1.177513518,95.39871812,54.39871812,,,,,
14,EP,1,2,1,0,1,60.4,0.020942571,1.205119172,95.6,1.204937188,95.59868825,54.59868825,,,,,
14,EP,2,3,1,0,1,59.9,0.019771062,1.233190004,95.8,1.233031504,95.79888355,54.79888355,,,,,
14,EP,2,2,1,0,1,59.9,0.019771062,1.261914689,96,1.261759798,95.9989338,54.9989338,,,,,
14,EP,1,1,1,0,1,60.5,0.021185075,1.321386896,96.4,1.321217061,96.39888355,55.39888355,,,,,
14,EP,2,1,1,0,1,59.9,0.019771062,1.367823295,96.7,1.367680398,96.69909254,55.69909254,,,,,
14,EP,3,3,1,0,1,60.4,0.020942571,1.44887192,97.2,1.448720556,97.19909253,56.19909253,,,,,
14,EP,2,2,1,0,1,60.1,0.020231589,1.44887192,97.2,1.448730659,97.19915311,56.19915311,,,,,
14,EP,3,2,1,0,1,60.4,0.020942571,1.465649066,97.3,1.465499435,97.29911319,56.29911319,,,,,
14,EP,3,1,1,0,1,60.4,0.020942571,1.51715515,97.6,1.517010599,97.59917239,56.59917239,,,,,
14,EP,1,3,1,0,1,60.5,0.021185075,1.534722979,97.7,1.534576754,97.69917239,56.69917239,,,,,
14,EP,2,1,1,0,1,60.1,0.020231589,1.534722979,97.7,1.534589621,97.69924522,56.69924522,,,,,
14,EP,1,3,1,0,1,60.4,0.020942571,1.552494233,97.8,1.552352973,97.79920964,56.79920964,,,,,
14,EP,1,1,1,0,1,60.4,0.020942571,1.702276076,98.6,1.702147246,98.59934262,57.59934262,,,,,
14,EP,1,2,1,0,1,60.5,0.021185075,1.721987504,98.7,1.721857182,98.69934262,57.69934262,,,,,
11,GBT,3,1,1,0,0,60.4,0.020942571,1.51715515,97.6,1.517010599,97.59917239,56.59917239,,,,,
11,GBT,3,2,1,0,0,60.4,0.020942571,1.534722979,97.7,1.534580083,97.69919123,56.69919123,,,,,
11,GBT,3,3,1,0,0,60.4,0.020942571,1.6444853,98.3,1.644351942,98.2992956,57.2992956,,,,,
11,GBT,1,1,1,0,0,60.3,0.020702843,1.803142275,99.1,1.803023421,99.09942745,58.09942745,,,,,
11,GBT,1,3,1,0,0,60.3,0.020702843,2.11850745,100.5,2.11840629,100.4995852,59.49958523,,,,,
11,GBT,1,2,1,0,0,60.3,0.020702843,2.460537542,101.8,2.460450444,101.7996925,60.79969253,,,,,
11,GBT,2,3,1,0,0,60.2,0.02046586,2.729166273,102.7,2.729089536,102.6997558,61.69975577,,,,,
11,GBT,2,1,1,0,0,60.2,0.02046586,2.992471312,103.5,2.992401327,103.4997969,62.49979686,,,,,
11,GBT,2,2,1,0,0,60.2,0.02046586,3.243620195,104.2,3.243555629,104.1998271,63.1998271,,,,,
9,POWI,1,3,0,2,1,60.2,0.02046586,0.033191738,64.4,0.026131208,62.32258992,21.32258992,,,,,
9,POWI,1,1,0,2,1,60.4,0.020942571,0.035158472,64.9,0.028240518,62.99685335,21.99685335,,,,,
9,POWI,1,2,0,2,1,60.2,0.02046586,0.03681544,65.3,0.030602699,63.69459475,22.69459475,,,,,
9,POWI,1,2,1,2,1,60.3,0.020702843,0.038109214,65.6,0.031995382,64.08114614,23.08114614,,,,,
9,POWI,1,3,0,2,1,60.4,0.020942571,0.038550498,65.7,0.032365871,64.18114611,23.18114611,,,,,
9,POWI,1,1,0,2,1,60.2,0.02046586,0.038550498,65.7,0.032669397,64.26222234,23.26222234,,,,,
9,POWI,3,1,0,2,1,59.5,0.018881218,0.039448455,65.9,0.0346364,64.77005503,23.77005503,,,,,
9,POWI,1,1,1,2,1,60.2,0.02046586,0.041785923,66.4,0.03643092,65.20880287,24.20880287,,,,,
9,POWI,1,2,0,2,1,60.2,0.02046586,0.042269781,66.5,0.036984902,65.33988948,24.33988948,,,,,
9,POWI,1,1,0,2,1,60.4,0.020942571,0.042759242,66.6,0.037279505,65.40880284,24.40880284,,,,,
9,POWI,3,3,0,2,1,59.4,0.018665086,0.040834759,66.2,0.036319308,65.1821513,24.1821513,,,,,
9,POWI,1,3,0,2,1,60.4,0.020942571,0.043755232,66.8,0.038417822,65.67005489,24.67005489,,,,,
9,POWI,3,1,1,2,1,59.3,0.018451429,0.04325437,66.7,0.039121417,65.82769169,24.82769169,,,,,
9,POWI,1,3,1,2,1,60.2,0.02046586,0.045292886,67.1,0.040405372,66.1081823,25.1081823,,,,,
9,POWI,3,3,0,2,1,59.5,0.018881218,0.043755232,66.8,0.039471761,65.90513019,24.90513019,,,,,
9,POWI,1,1,0,2,1,60.2,0.02046586,0.046347893,67.3,0.041584562,66.35804262,25.35804262,,,,,
9,POWI,3,2,0,2,1,59.5,0.018881218,0.046347893,67.3,0.042327613,66.51187557,25.51187557,,,,,
9,POWI,1,2,0,2,1,60.4,0.020942571,0.048532202,67.7,0.043781084,66.80513037,25.80513037,,,,,
9,POWI,1,1,1,2,1,60.3,0.020702843,0.048532202,67.7,0.043894953,66.82769191,25.82769191,,,,,
9,POWI,1,3,0,2,1,60.2,0.02046586,0.048532202,67.7,0.044005945,66.84962714,25.84962714,,,,,
9,POWI,1,2,0,2,1,60.4,0.020942571,0.049094178,67.8,0.044403232,66.92769178,25.92769178,,,,,
9,POWI,3,1,0,2,1,59.4,0.018665086,0.047427474,67.5,0.043600228,66.76917523,25.76917523,,,,,
9,POWI,3,1,0,2,1,59.4,0.018665086,0.047976658,67.6,0.044196994,66.88725473,25.88725473,,,,,
9,POWI,1,3,1,2,1,60.3,0.020702843,0.053214501,68.5,0.049022193,67.7872548,26.7872548,,,,,
9,POWI,3,2,0,2,1,59.4,0.018665086,0.052003191,68.3,0.048538093,67.70105421,26.70105421,,,,,
9,POWI,1,3,1,2,1,60.1,0.020231589,0.053830696,68.6,0.049884132,67.9386485,26.9386485,,,,,
9,POWI,1,2,1,2,1,60.2,0.02046586,0.055722423,68.9,0.051827956,68.27068168,27.27068168,,,,,
9,POWI,3,2,0,2,1,59.4,0.018665086,0.061805909,69.8,0.058920157,69.38467806,28.38467806,,,,,
9,POWI,1,1,1,2,1,60.1,0.020231589,0.064718731,70.2,0.061475173,69.75339534,28.75339534,,,,,
9,POWI,3,2,0,2,1,59.3,0.018451429,0.066993088,70.5,0.064402008,70.15738823,29.15738823,,,,,
9,POWI,1,2,1,2,1,60.1,0.020231589,0.06934737,70.8,0.06633054,70.41367074,29.41367074,,,,,
9,POWI,3,2,1,2,1,59.3,0.018451429,0.067768831,70.6,0.065208582,70.26549527,29.26549527,,,,,
9,POWI,3,1,0,2,1,59.3,0.018451429,0.068553557,70.7,0.066023745,70.37340322,29.37340322,,,,,
9,POWI,3,3,1,2,1,59.4,0.018665086,0.070150375,70.9,0.067621666,70.58111738,29.58111738,,,,,
9,POWI,3,3,0,2,1,59.4,0.018665086,0.082419504,72.3,0.080278199,72.07135248,31.07135248,,,,,
9,POWI,3,3,1,2,1,59.6,0.019099852,0.083373877,72.4,0.081156633,72.16588046,31.16588046,,,,,
9,POWI,3,3,1,2,1,59.3,0.018451429,0.088314089,72.9,0.086365057,72.70616137,31.70616137,,,,,
9,POWI,3,2,1,2,1,59.6,0.019099852,0.095726018,73.6,0.093801206,73.42356849,32.42356849,,,,,
9,POWI,3,1,1,2,1,59.4,0.018665086,0.096834474,73.7,0.095018577,73.5355705,32.5355705,,,,,
9,POWI,3,1,1,2,1,59.6,0.019099852,0.115087987,75.2,0.113492028,75.07870721,34.07870721,,,,,
9,POWI,2,2,0,2,1,59.6,0.019099852,0.13213869,76.4,0.130751019,76.30830175,35.30830175,,,,,
9,POWI,2,1,0,2,1,59.6,0.019099852,0.135216595,76.6,0.133860835,76.5124707,35.5124707,,,,,
9,POWI,3,3,0,2,1,59.3,0.018451429,0.148262048,77.4,0.147109414,77.33220939,36.33220939,,,,,
9,POWI,2,3,0,2,1,59.6,0.019099852,0.155249423,77.8,0.154070046,77.73376432,36.73376432,,,,,
9,POWI,3,2,1,2,1,59.4,0.018665086,0.157047127,77.9,0.155934007,77.83821689,36.83821689,,,,,
9,POWI,2,3,0,2,1,59.8,0.019544744,0.176209775,78.9,0.175122494,78.84623874,37.84623874,,,,,
9,POWI,2,3,0,2,1,59.9,0.019771062,0.237700445,81.5,0.236876775,81.46984973,40.46984973,,,,,
9,POWI,2,2,0,2,1,59.8,0.019544744,0.2432372,81.7,0.242450693,81.67186868,40.67186868,,,,,
9,POWI,2,1,0,2,1,59.9,0.019771062,0.254700616,82.1,0.253932095,82.073752,41.073752,,,,,
9,POWI,2,2,0,2,1,59.9,0.019771062,0.282507509,83,0.281814829,82.97867692,41.97867692,,,,,
9,POWI,2,2,1,2,1,59.9,0.019771062,0.285778792,83.1,0.28509406,83.07916346,42.07916346,,,,,
9,POWI,2,1,1,2,1,59.9,0.019771062,0.289087954,83.2,0.288411079,83.17963886,42.17963886,,,,,
9,POWI,2,1,0,2,1,59.8,0.019544744,0.355655882,85,0.355118444,84.98686467,43.98686467,,,,,
9,POWI,2,1,0,2,1,59.8,0.019544744,0.432543705,86.7,0.432101909,86.69112379,45.69112379,,,,,
9,POWI,2,2,1,2,1,59.6,0.019099852,0.432543705,86.7,0.432121803,86.69152367,45.69152367,,,,,
9,POWI,2,3,1,2,1,59.9,0.019771062,0.538306961,88.6,0.53794376,88.59413758,47.59413758,,,,,
9,POWI,2,3,1,2,1,59.6,0.019099852,0.557224234,88.9,0.556896797,88.89489449,47.89489449,,,,,
9,POWI,2,1,1,2,1,59.5,0.018881218,0.597076524,89.5,0.596777911,89.49565489,48.49565489,,,,,
9,POWI,2,3,0,2,1,59.8,0.019544744,0.603990344,89.6,0.603674033,89.59544999,48.59544999,,,,,
9,POWI,2,2,0,2,1,59.8,0.019544744,0.639779022,90.1,0.639480414,90.09594504,49.09594504,,,,,
9,POWI,2,1,1,2,1,59.6,0.019099852,0.65468139,90.3,0.654402719,90.29630198,49.29630198,,,,,
9,POWI,2,2,1,2,1,59.5,0.018881218,0.65468139,90.3,0.654409063,90.2963862,49.2963862,,,,,
9,POWI,2,3,1,2,1,59.5,0.018881218,0.693473701,90.8,0.693216614,90.79677934,49.79677934,,,,,
17,ROPI,3,2,1,0,1,59.5,0.018881218,0.618059087,89.8,0.617770617,89.79594504,48.79594504,,,,,
17,ROPI,3,1,1,0,1,59.4,0.018665086,0.625215873,89.9,0.624937199,89.89612761,48.89612761,,,,,
17,ROPI,3,2,1,0,1,59.4,0.018665086,0.639779022,90.1,0.639506694,90.09630198,49.09630198,,,,,
17,ROPI,3,1,1,0,1,59.2,0.018240217,0.662262243,90.4,0.662011007,90.39670429,49.39670429,,,,,
17,ROPI,3,3,1,0,1,59.2,0.018240217,0.669930878,90.5,0.669682519,90.49677933,49.49677933,,,,,
17,ROPI,3,2,1,0,1,59.2,0.018240217,0.709626778,91,0.709392316,90.99712969,49.99712969,,,,,
17,ROPI,3,1,1,0,1,59.6,0.019099852,0.743070458,91.4,0.742824947,91.39712969,50.39712969,,,,,
17,ROPI,3,2,1,0,1,59.6,0.019099852,0.863038154,92.7,0.862826779,92.6978724,51.6978724,,,,,
17,ROPI,3,3,1,0,1,59.6,0.019099852,0.903711889,93.1,0.90351003,93.09805965,52.09805965,,,,,
17,ROPI,3,2,0,0,1,59.3,0.018451429,0.979557639,93.8,0.979383843,93.79845879,52.79845879,,,,,
17,ROPI,3,3,1,0,1,59.8,0.019544744,1.025722768,94.2,1.025536542,94.19842289,53.19842289,,,,,
17,ROPI,3,3,0,0,1,59.3,0.018451429,1.025722768,94.2,1.025556796,94.19859442,53.19859442,,,,,
17,ROPI,2,3,1,0,1,59.8,0.019544744,1.04961492,94.4,1.049432934,94.39849388,53.39849388,,,,,
17,ROPI,3,2,1,0,1,59.8,0.019544744,1.086500663,94.7,1.086324856,94.69859442,53.69859442,,,,,
17,ROPI,3,1,1,0,1,59.5,0.018881218,1.099081748,94.8,1.098919555,94.79871812,53.79871812,,,,,
17,ROPI,3,3,1,0,1,59.4,0.018665086,1.12468265,95,1.124527758,94.99880369,53.99880369,,,,,
17,ROPI,3,3,1,0,1,59.5,0.018881218,1.164206436,95.3,1.164053317,95.29885754,54.29885754,,,,,
17,ROPI,1,3,0,0,1,59.2,0.018240217,1.177687311,95.4,1.177546049,95.39895808,54.39895808,,,,,
17,ROPI,3,1,1,0,1,59.8,0.019544744,1.191324287,95.5,1.191163952,95.49883092,54.49883092,,,,,
17,ROPI,3,1,0,0,1,59.3,0.018451429,1.205119172,95.6,1.20497791,95.59898179,54.59898179,,,,,
17,ROPI,2,2,1,0,1,59.8,0.019544744,1.219073794,95.7,1.218917109,95.69888354,54.69888354,,,,,
17,ROPI,1,1,1,0,1,59.5,0.018881218,1.261914689,96,1.261773427,95.99902763,54.99902763,,,,,
17,ROPI,2,2,0,0,1,59.7,0.019321018,1.276526972,96.1,1.276380746,96.09900497,55.09900497,,,,,
17,ROPI,1,1,1,0,1,59.6,0.019099852,1.276526972,96.1,1.276384075,96.09902762,55.09902762,,,,,
17,ROPI,1,3,1,0,1,59.6,0.019099852,1.276526972,96.1,1.276384075,96.09902762,55.09902762,,,,,
17,ROPI,2,1,1,0,1,59.8,0.019544744,1.306261105,96.3,1.306114879,96.29902762,55.29902762,,,,,
17,ROPI,2,1,0,0,1,59.7,0.019321018,1.306261105,96.3,1.306118208,96.29904976,55.29904976,,,,,
17,ROPI,2,3,0,0,1,59.7,0.019321018,1.306261105,96.3,1.306118208,96.29904976,55.29904976,,,,,
17,ROPI,1,1,1,0,1,59.5,0.018881218,1.306261105,96.3,1.30612464,96.29909253,55.29909253,,,,,
17,ROPI,1,2,1,0,1,59.5,0.018881218,1.321386896,96.4,1.321251993,96.39911319,55.39911319,,,,,
17,ROPI,1,3,1,0,1,59.5,0.018881218,1.321386896,96.4,1.321251993,96.39911319,55.39911319,,,,,
17,ROPI,2,2,1,0,1,59.8,0.019544744,1.383661942,96.8,1.383523897,96.79913338,55.79913338,,,,,
17,ROPI,2,1,1,0,1,59.8,0.019544744,1.399683992,96.9,1.399547527,96.89915311,55.89915311,,,,,
17,ROPI,1,1,0,0,1,59.2,0.018240217,1.415891569,97,1.415774074,96.99927919,55.99927919,,,,,
17,ROPI,1,2,0,0,1,59.2,0.018240217,1.465649066,97.3,1.465535561,97.2993273,56.2993273,,,,,
17,ROPI,2,3,1,0,1,59.8,0.019544744,1.51715515,97.6,1.517029252,97.59927919,56.59927919,,,,,
17,ROPI,1,3,1,0,1,59.5,0.018881218,1.51715515,97.6,1.517037656,97.59932731,56.59932731,,,,,
17,ROPI,1,3,1,0,1,59.3,0.018451429,1.51715515,97.6,1.517042944,97.59935758,56.59935758,,,,,
17,ROPI,2,1,1,0,1,59.8,0.019544744,1.721987504,98.7,1.721876583,98.69944048,57.69944048,,,,,
17,ROPI,2,2,1,0,1,60.2,0.02046586,1.762097746,98.9,1.761978892,98.89941411,57.89941411,,,,,
17,ROPI,1,2,1,0,1,59.3,0.018451429,1.782501876,99,1.782406374,98.99953462,57.99953462,,,,,
17,ROPI,1,2,1,0,1,59.7,0.019321018,1.803142275,99.1,1.803038758,99.09950133,58.09950133,,,,,
17,ROPI,1,2,1,0,1,59.6,0.019099852,1.888121753,99.5,1.888025145,99.49955557,58.49955557,,,,,
17,ROPI,1,2,1,0,1,59.5,0.018881218,2.070284333,100.3,2.070198232,100.2996388,59.29963875,,,,,
17,ROPI,2,3,1,0,1,60.2,0.02046586,2.14303861,100.6,2.142940884,100.5996039,59.5996039,,,,,
17,ROPI,1,1,1,0,1,59.7,0.019321018,2.14303861,100.6,2.142951512,100.599647,59.59964698,,,,,
17,ROPI,1,3,1,0,1,59.7,0.019321018,2.192956392,100.8,2.192871277,100.7996629,59.79966287,,,,,
17,ROPI,2,1,1,0,1,60.2,0.02046586,2.244036909,101,2.243943582,100.9996388,59.99963876,,,,,
17,ROPI,2,2,1,0,1,59.8,0.019544744,2.296307243,101.2,2.296224065,101.1996854,60.19968537,,,,,
17,ROPI,1,1,1,0,1,59.3,0.018451429,2.460537542,101.8,2.460468358,101.7997558,60.79975577,,,,,
17,ROPI,2,2,1,0,1,59.8,0.019544744,2.547006162,102.1,2.546931171,102.0997443,61.09974426,,,,,
17,ROPI,2,1,1,0,1,59.8,0.019544744,2.825075089,103,2.82500748,102.9997921,61.99979213,,,,,
17,ROPI,2,3,1,0,1,59.8,0.019544744,2.992471312,103.5,2.992407485,103.4998147,62.49981473,,,,,
17,ROPI,2,3,1,0,1,59.8,0.019544744,3.319173815,104.4,3.319116271,104.3998494,63.39984941,,,,,
1,RTHA,1,1,0,2,0,60.2,0.02046586,0.102572277,74.2,0.100509803,74.02356856,33.02356856,,,,,
1,RTHA,1,3,1,2,0,67,0.044774423,0.133668784,76.5,0.125946794,75.98314241,34.98314241,,,,,
1,RTHA,1,2,0,2,0,60.1,0.020231589,0.115087987,75.2,0.113295753,75.06367266,34.06367266,,,,,
1,RTHA,1,1,0,2,0,60.1,0.020231589,0.120511917,75.6,0.118801536,75.4758412,34.4758412,,,,,
1,RTHA,1,3,0,2,0,60.2,0.02046586,0.127652697,76.1,0.126001427,75.98690937,34.98690937,,,,,
1,RTHA,1,2,0,2,0,60.2,0.02046586,0.129130846,76.2,0.127498721,76.08951668,35.08951668,,,,,
1,RTHA,1,3,0,2,0,67.5,0.047427474,0.162566103,78.2,0.155493963,77.81367074,36.81367074,,,,,
1,RTHA,1,2,1,2,0,67.4,0.046884576,0.174192718,78.8,0.167764536,78.47340329,37.47340329,,,,,
1,RTHA,3,2,0,2,0,60.7,0.021678538,0.155249423,77.8,0.153728411,77.71448285,36.71448285,,,,,
1,RTHA,3,1,0,2,0,60.7,0.021678538,0.157047127,77.9,0.155543695,77.81644832,36.81644832,,,,,
1,RTHA,1,3,0,2,0,60.1,0.020231589,0.162566103,78.2,0.161302265,78.1322094,37.1322094,,,,,
1,RTHA,1,2,0,2,0,67.5,0.047427474,0.202315891,80.1,0.196678302,79.85452909,38.85452909,,,,,
1,RTHA,3,3,0,2,0,60.7,0.021678538,0.178250188,79,0.17692702,78.93528336,37.93528336,,,,,
1,RTHA,1,3,0,2,0,64.7,0.034358168,0.193210176,79.7,0.190130714,79.56044567,38.56044567,,,,,
1,RTHA,3,2,0,2,0,59.7,0.019321018,0.184514285,79.3,0.183499917,79.25211754,38.25211754,,,,,
1,RTHA,3,1,1,2,0,59.4,0.018665086,0.184514285,79.3,0.183567797,79.25532999,38.25532999,,,,,
1,RTHA,1,1,0,2,0,67.5,0.047427474,0.216785383,80.7,0.211533773,80.48699439,39.48699439,,,,,
1,RTHA,1,1,1,2,0,67,0.044774423,0.214303861,80.6,0.209574321,80.40616143,39.40616143,,,,,
1,RTHA,3,3,1,2,0,59.6,0.019099852,0.2,80,0.1990859,79.96021015,38.96021015,,,,,
1,RTHA,3,3,0,2,0,59.7,0.019321018,0.202315891,80.1,0.201391206,80.06021016,39.06021016,,,,,
1,RTHA,1,3,1,2,0,66.5,0.042269781,0.227002163,81.1,0.223031943,80.94674145,39.94674145,,,,,
1,RTHA,1,2,1,2,0,67,0.044774423,0.229630724,81.2,0.225223268,81.0316652,40.0316652,,,,,
1,RTHA,1,1,0,2,0,64.7,0.034358168,0.219295639,80.8,0.216587381,80.69206308,39.69206308,,,,,
1,RTHA,3,3,1,2,0,59.4,0.018665086,0.204658598,80.2,0.203805683,80.16372587,39.16372587,,,,,
1,RTHA,1,2,1,2,0,66.5,0.042269781,0.229630724,81.2,0.225706746,81.05029086,40.05029086,,,,,
1,RTHA,3,1,0,2,0,59.7,0.019321018,0.216785383,80.7,0.215922673,80.66536503,39.66536503,,,,,
1,RTHA,3,2,1,2,0,59.6,0.019099852,0.221834963,80.9,0.221011191,80.86768538,39.86768538,,,,,
1,RTHA,1,2,0,2,0,64.7,0.034358168,0.246053754,81.8,0.243643112,81.71448286,40.71448286,,,,,
1,RTHA,3,2,1,2,0,59.4,0.018665086,0.232289723,81.3,0.231538614,81.27186869,40.27186869,,,,,
1,RTHA,3,1,1,2,0,59.6,0.019099852,0.234979511,81.4,0.234201977,81.37121124,40.37121124,,,,,
1,RTHA,3,1,0,2,0,59.9,0.019771062,0.237700445,81.5,0.236876775,81.46984973,40.46984973,,,,,
1,RTHA,3,2,0,2,0,59.9,0.019771062,0.246053754,81.8,0.245258139,81.77186867,40.77186867,,,,,
1,RTHA,3,3,0,2,0,59.9,0.019771062,0.254700616,82.1,0.253932095,82.073752,41.073752,,,,,
1,RTHA,1,1,1,2,0,66.5,0.042269781,0.292435435,83.3,0.289364388,83.20830173,42.20830173,,,,,
1,RTHA,3,1,1,2,0,60,0.02,0.272916627,82.7,0.272182816,82.67661414,41.67661414,,,,,
1,RTHA,3,1,0,2,0,59.5,0.018881218,0.272916627,82.7,0.272262713,82.67916344,41.67916344,,,,,
1,RTHA,3,3,0,2,0,59.5,0.018881218,0.272916627,82.7,0.272262713,82.67916344,41.67916344,,,,,
1,RTHA,3,2,1,2,0,60,0.02,0.285778792,83.1,0.285078091,83.07867692,42.07867692,,,,,
1,RTHA,1,3,1,2,0,67.4,0.046884576,0.313350214,83.9,0.309822842,83.80166874,42.80166874,,,,,
1,RTHA,3,3,1,2,0,60,0.02,0.306217492,83.7,0.305563663,83.68143425,42.68143425,,,,,
1,RTHA,3,1,1,2,0,59.7,0.019321018,0.320649078,84.1,0.320066445,84.08420302,43.08420302,,,,,
1,RTHA,1,1,1,2,0,67.4,0.046884576,0.372417427,85.4,0.369454431,85.33061767,44.33061767,,,,,
1,RTHA,3,2,1,2,0,59.7,0.019321018,0.363940172,85.2,0.363426949,85.18774264,44.18774264,,,,,
1,RTHA,1,3,1,2,0,65.7,0.038550498,0.403673273,86.1,0.401828285,86.06021016,45.06021016,,,,,
1,RTHA,2,3,0,2,0,59.8,0.019544744,0.38996892,85.8,0.389478833,85.78907729,44.78907729,,,,,
1,RTHA,3,3,1,2,0,59.7,0.019321018,0.38996892,85.8,0.389489996,85.78932623,44.78932623,,,,,
1,RTHA,3,2,0,2,0,59.5,0.018881218,0.399052463,86,0.398605529,85.99026646,44.99026646,,,,,
1,RTHA,1,1,1,2,0,65.7,0.038550498,0.422697808,86.5,0.420936214,86.46372589,45.46372589,,,,,
1,RTHA,2,2,0,2,0,59.8,0.019544744,0.422697808,86.5,0.42224571,86.49070501,45.49070501,,,,,
1,RTHA,1,2,1,2,0,65.7,0.038550498,0.479766584,87.6,0.478215259,87.57186868,46.57186868,,,,,
1,RTHA,2,3,1,2,0,59.6,0.019099852,0.474274741,87.5,0.473889993,87.49295085,46.49295085,,,,,
1,RTHA,2,1,1,2,0,59.5,0.018881218,0.508194541,88.1,0.507843668,88.09400092,47.09400092,,,,,
1,RTHA,2,1,0,2,0,59.8,0.019544744,0.514079157,88.2,0.513707487,88.193718,47.193718,,,,,
1,RTHA,2,1,1,2,0,59.6,0.019099852,0.538306961,88.6,0.53796801,88.59452912,47.59452912,,,,,
1,RTHA,2,2,1,2,0,59.5,0.018881218,0.550845741,88.8,0.550522052,88.79489449,47.79489449,,,,,
1,RTHA,2,2,1,2,0,59.3,0.018451429,0.570203654,89.1,0.569905038,89.09545,48.09545,,,,,
1,RTHA,2,3,1,2,0,59.3,0.018451429,0.583485403,89.3,0.583193587,89.29565489,48.29565489,,,,,
1,RTHA,2,1,0,2,0,59.8,0.019544744,0.603990344,89.6,0.603674033,89.59544999,48.59544999,,,,,
1,RTHA,2,2,1,2,0,59.6,0.019099852,0.610984223,89.7,0.610685612,89.69575384,48.69575384,,,,,
1,RTHA,2,2,0,2,0,59.8,0.019544744,0.632455532,90,0.632153465,89.99585054,48.99585054,,,,,
1,RTHA,2,3,0,2,0,59.8,0.019544744,0.632455532,90,0.632153465,89.99585054,48.99585054,,,,,
1,RTHA,2,3,1,2,0,59.5,0.018881218,0.709626778,91,0.709375545,90.99692434,49.99692434,,,,,
1,RTHA,2,1,0,2,0,59.7,0.019321018,0.760378793,91.6,0.760133282,91.59719506,50.59719506,,,,,
1,RTHA,2,2,0,2,0,59.8,0.019544744,0.824195038,92.3,0.823963266,92.29755709,51.29755709,,,,,
1,RTHA,2,2,0,2,0,59.7,0.019321018,0.853159038,92.6,0.852940234,92.5977721,51.5977721,,,,,
1,RTHA,2,1,1,2,0,59.3,0.018451429,0.873031664,92.8,0.872836658,92.79805964,51.79805964,,,,,
1,RTHA,2,1,0,2,0,59.8,0.019544744,0.924762043,93.3,0.924555482,93.29805965,52.29805965,,,,,
1,RTHA,2,3,0,2,0,59.7,0.019321018,0.924762043,93.3,0.924560184,93.29810382,52.29810382,,,,,
1,RTHA,2,1,1,2,0,59.6,0.019099852,0.979557639,93.8,0.979371413,93.79834855,52.79834855,,,,,
1,RTHA,2,2,1,2,0,59.6,0.019099852,0.979557639,93.8,0.979371413,93.79834855,52.79834855,,,,,
1,RTHA,2,3,0,2,0,59.8,0.019544744,1.205119172,95.6,1.204960672,95.59885754,54.59885754,,,,,
1,RTHA,2,3,1,2,0,59.6,0.019099852,1.205119172,95.6,1.204967806,95.59890896,54.59890896,,,,,
6,TBPA,3,2,0,0,1,60,0.02,0.417859226,86.4,0.417380321,86.39003947,45.39003947,,,,,
6,TBPA,1,3,0,0,1,59.8,0.019544744,0.479766584,87.6,0.479368312,87.59278652,46.59278652,,,,,
6,TBPA,3,1,0,0,1,59.3,0.018451429,0.532145012,88.5,0.531825026,88.49477549,47.49477549,,,,,
6,TBPA,3,3,0,0,1,60,0.02,0.563676586,89,0.563321661,88.99452911,47.99452911,,,,,
6,TBPA,2,2,1,0,1,59.7,0.019321018,0.583485403,89.3,0.583165426,89.29523545,48.29523545,,,,,
6,TBPA,1,1,1,0,1,59.9,0.019771062,0.625215873,89.9,0.624903187,89.89565488,48.89565488,,,,,
6,TBPA,1,3,1,0,1,59.9,0.019771062,0.639779022,90.1,0.639473457,90.09585054,49.09585054,,,,,
6,TBPA,1,3,1,0,1,59.9,0.019771062,0.639779022,90.1,0.639473457,90.09585054,49.09585054,,,,,
6,TBPA,3,3,0,0,1,60.5,0.021185075,0.662262243,90.4,0.661923312,90.39555362,49.39555362,,,,,
6,TBPA,3,2,0,0,1,59.3,0.018451429,0.669930878,90.5,0.669676733,90.49670429,49.49670429,,,,,
6,TBPA,3,1,0,0,1,60.5,0.021185075,0.685535573,90.7,0.685208154,90.69585054,49.69585054,,,,,
6,TBPA,1,1,1,0,1,59.9,0.019771062,0.685535573,90.7,0.685250412,90.69638619,49.69638619,,,,,
6,TBPA,3,2,0,0,1,60.5,0.021185075,0.709626778,91,0.70931048,90.99612761,49.99612761,,,,,
6,TBPA,1,2,1,0,1,59.9,0.019771062,0.709626778,91,0.709351302,90.99662749,49.99662749,,,,,
6,TBPA,3,3,0,0,1,59.3,0.018451429,0.709626778,91,0.709386854,90.99706281,49.99706281,,,,,
6,TBPA,1,1,0,0,1,59.8,0.019544744,0.717843869,91.1,0.717577747,91.09677933,50.09677933,,,,,
6,TBPA,3,1,0,0,1,60,0.02,0.743070458,91.4,0.742801256,91.39685267,50.39685267,,,,,
6,TBPA,3,3,0,0,1,59.7,0.019321018,0.743070458,91.4,0.742819227,91.39706281,50.39706281,,,,,
6,TBPA,1,1,0,0,1,60.1,0.020231589,0.760378793,91.6,0.760109592,91.59692435,50.59692435,,,,,
6,TBPA,2,3,1,0,1,59.7,0.019321018,0.760378793,91.6,0.760133282,91.59719506,50.59719506,,,,,
6,TBPA,3,2,0,0,1,59.7,0.019321018,0.796214341,92,0.795979884,91.99744193,50.99744193,,,,,
6,TBPA,1,3,0,0,1,59.8,0.019544744,0.853159038,92.6,0.852935137,92.5977202,51.5977202,,,,,
6,TBPA,3,1,0,0,1,59.7,0.019321018,0.873031664,92.8,0.872817842,92.79787239,51.79787239,,,,,
6,TBPA,3,1,1,0,1,59.6,0.019099852,0.893367184,93,0.893162987,92.99801443,51.99801443,,,,,
6,TBPA,3,3,1,0,1,59.6,0.019099852,0.903711889,93.1,0.90351003,93.09805965,52.09805965,,,,,
6,TBPA,1,3,0,0,1,60.1,0.020231589,0.914176379,93.2,0.913952479,93.19787239,52.19787239,,,,,
6,TBPA,2,1,1,0,1,59.7,0.019321018,0.914176379,93.2,0.913972182,93.19805964,52.19805964,,,,,
6,TBPA,1,2,1,0,1,59.6,0.019099852,0.935470283,93.4,0.935275278,93.39818919,52.39818919,,,,,
6,TBPA,1,2,0,0,1,60.1,0.020231589,0.979557639,93.8,0.979348687,93.798147,52.798147,,,,,
6,TBPA,1,2,0,0,1,59.8,0.019544744,0.979557639,93.8,0.979362635,93.7982707,52.7982707,,,,,
6,TBPA,1,3,0,0,1,59.7,0.019321018,0.990900382,93.9,0.990711999,93.89834855,52.89834855,,,,,
6,TBPA,1,1,1,0,1,59.6,0.019099852,1.086500663,94.7,1.08633277,94.69865769,53.69865769,,,,,
6,TBPA,3,2,1,0,1,59.6,0.019099852,1.086500663,94.7,1.08633277,94.69865769,53.69865769,,,,,
6,TBPA,1,1,0,0,1,59.7,0.019321018,1.099081748,94.8,1.098911911,94.7986577,53.7986577,,,,,
6,TBPA,1,2,0,0,1,59.8,0.019544744,1.12468265,95,1.124512813,94.99868825,53.99868825,,,,,
6,TBPA,1,2,1,0,1,59.9,0.019771062,1.137705862,95.1,1.137534058,95.09868826,54.09868826,,,,,
6,TBPA,1,1,0,0,1,59.8,0.019544744,1.137705862,95.1,1.137537969,95.09871812,54.09871812,,,,,
6,TBPA,3,3,1,0,1,59.9,0.019771062,1.276526972,96.1,1.276373854,96.09895807,55.09895807,,,,,
6,TBPA,3,2,1,0,1,60,0.02,1.291308458,96.2,1.291153567,96.19895807,55.19895807,,,,,
6,TBPA,2,2,0,0,1,59.7,0.019321018,1.306261105,96.3,1.306118208,96.29904976,55.29904976,,,,,
6,TBPA,2,1,0,0,1,59.7,0.019321018,1.399683992,96.9,1.399550633,96.89917239,55.89917239,,,,,
6,TBPA,3,1,1,0,1,60,0.02,1.44887192,97.2,1.448733875,97.19917239,56.19917239,,,,,
6,TBPA,2,3,0,0,1,59.4,0.018665086,1.51715515,97.6,1.51704033,97.59934262,56.59934262,,,,,
6,TBPA,2,1,0,0,1,59.4,0.018665086,1.552494233,97.8,1.552382027,97.79937221,56.79937221,,,,,
6,TBPA,2,2,0,0,1,59.4,0.018665086,1.607052244,98.1,1.606943848,98.09941411,57.09941411,,,,,
6,TBPA,2,3,0,0,1,59.7,0.019321018,1.625661032,98.2,1.625546213,98.1993865,57.1993865,,,,,
6,TBPA,3,3,1,0,1,60,0.02,1.74192718,98.8,1.741812361,98.79942745,57.79942745,,,,,
6,TBPA,1,2,0,0,1,59.7,0.019321018,1.74192718,98.8,1.741820025,98.79946567,57.79946567,,,,,
6,TBPA,3,1,1,0,1,59.9,0.019771062,1.762097746,98.9,1.761986825,98.89945322,57.89945322,,,,,
6,TBPA,2,1,0,0,1,59.8,0.019544744,1.762097746,98.9,1.76198935,98.89946567,57.89946567,,,,,
6,TBPA,3,2,1,0,1,59.9,0.019771062,1.866508602,99.4,1.866403886,99.39951269,58.39951269,,,,,
6,TBPA,2,3,1,0,1,59.7,0.019321018,2,100,1.999906672,99.99959467,58.99959467,,,,,
6,TBPA,2,3,0,0,1,59.6,0.019099852,2,100,1.999908797,99.9996039,58.9996039,,,,,
6,TBPA,2,1,1,0,1,59.7,0.019321018,2.023158909,100.1,2.02306665,100.0996039,59.0996039,,,,,
6,TBPA,2,1,1,0,1,59.7,0.019321018,2.023158909,100.1,2.02306665,100.0996039,59.0996039,,,,,
6,TBPA,2,2,0,0,1,59.6,0.019099852,2.023158909,100.1,2.02306875,100.0996129,59.09961292,,,,,
6,TBPA,2,2,1,0,1,59.7,0.019321018,2.046585985,100.2,2.046494782,100.1996129,59.19961292,,,,,
6,TBPA,2,3,1,0,1,59.7,0.019321018,2.070284333,100.3,2.070194174,100.2996217,59.29962173,,,,,
6,TBPA,2,1,0,0,1,59.6,0.019099852,2.11850745,100.5,2.118421349,100.499647,59.49964698,,,,,
6,TBPA,2,2,0,0,1,59.8,0.019544744,2.14303861,100.6,2.142949483,100.5996388,59.59963875,,,,,
6,TBPA,2,2,1,0,1,59.7,0.019321018,2.377004455,101.5,2.37692593,101.4997131,60.49971306,,,,,
6,TBPA,1,3,1,0,1,59.6,0.019099852,2.404528869,101.6,2.40445301,101.599726,60.59972597,,,,,
6,TBPA,2,3,0,0,1,59.8,0.019544744,2.924354349,103.3,2.924289035,103.299806,62.299806,,,,,
12,TRUS,1,2,1,0,0,60.5,0.021185075,1.219073794,95.7,1.218889703,95.69868825,54.69868825,,,,,
12,TRUS,1,1,1,0,0,60.2,0.02046586,1.352165951,96.6,1.35201106,96.59900498,55.59900498,,,,,
12,TRUS,2,2,1,0,0,59.9,0.019771062,1.803142275,99.1,1.803033879,99.09947783,58.09947783,,,,,
12,TRUS,3,1,1,0,0,59.9,0.019771062,1.824021679,99.2,1.823914524,99.19948972,58.19948972,,,,,
12,TRUS,1,2,1,0,0,60.2,0.02046586,1.909985172,99.6,1.909875521,99.59950133,58.59950133,,,,,
12,TRUS,2,3,1,0,0,59.9,0.019771062,1.954474442,99.8,1.954374439,99.79955557,58.79955557,,,,,
12,TRUS,1,3,1,0,0,60.5,0.021185075,2.046585985,100.2,2.046476334,100.1995346,59.19953462,,,,,
12,TRUS,3,2,1,0,0,59.9,0.019771062,2.218349631,100.9,2.218261524,100.899655,59.89965502,,,,,
12,TRUS,1,1,1,0,0,60.5,0.021185075,2.270021631,101.1,2.269922774,101.0996217,60.09962173,,,,,
12,TRUS,2,1,1,0,0,59.9,0.019771062,2.34979511,101.4,2.349711932,101.3996925,60.39969253,,,,,
12,TRUS,1,3,1,0,0,60.2,0.02046586,2.377004455,101.5,2.376916348,101.499678,60.49967804,,,,,
12,TRUS,3,3,1,0,0,59.9,0.019771062,2.432372001,101.7,2.432291647,101.6997131,60.69971305,,,,,
12,TRUS,3,2,1,0,0,59.3,0.018451429,2.547006162,102.1,2.546939327,102.0997721,61.09977207,,,,,
12,TRUS,2,3,1,0,0,60.4,0.020942571,2.576499103,102.2,2.576413988,102.1997131,61.19971305,,,,,
12,TRUS,3,1,1,0,0,59.5,0.018881218,2.576499103,102.2,2.576429919,102.1997668,61.19976676,,,,,
12,TRUS,3,2,1,0,0,59.5,0.018881218,2.667042864,102.5,2.666976029,102.4997823,61.49978233,,,,,
12,TRUS,3,1,1,0,0,59.3,0.018451429,2.729166273,102.7,2.729103899,102.6998015,61.69980148,,,,,
12,TRUS,2,2,1,0,0,60.4,0.020942571,2.792736722,102.9,2.792658197,102.8997558,61.89975577,,,,,
12,TRUS,3,3,1,0,0,59.5,0.018881218,2.825075089,103,2.825011993,102.999806,61.999806,,,,,
12,TRUS,1,1,1,0,0,60.1,0.020231589,2.992471312,103.5,2.99240292,103.4998015,62.49980148,,,,,
12,TRUS,1,3,1,0,0,60.1,0.020231589,3.027122497,103.6,3.027054888,103.599806,62.599806,,,,,
12,TRUS,2,1,1,0,0,60.4,0.020942571,3.062174923,103.7,3.062103308,103.6997969,62.69979686,,,,,
12,TRUS,3,3,1,0,0,59.3,0.018451429,3.097633238,103.8,3.097578283,103.7998459,62.7998459,,,,,
12,TRUS,1,2,1,0,0,60.1,0.020231589,3.169786385,104,3.169721819,103.9998231,62.99982307,,,,,
12,TRUS,2,2,1,0,0,60.8,0.021929564,3.396487305,104.6,3.39641651,104.599819,63.59981895,,,,,
12,TRUS,2,1,1,0,0,60.8,0.021929564,3.639401717,105.2,3.639335647,105.1998423,64.19984231,,,,,
12,TRUS,2,3,1,0,0,60.8,0.021929564,4.529288615,107.1,4.529235526,107.0998982,66.09989819,,,,,
13,WEGU,3,3,1,0,0,60.6,0.021430386,0.77809029,91.8,0.777795113,91.79670429,50.79670429,,,,,
13,WEGU,3,2,1,0,0,60.6,0.021430386,0.873031664,92.8,0.872768598,92.79738232,51.79738232,,,,,
13,WEGU,3,1,1,0,0,59.6,0.019099852,0.893367184,93,0.893162987,92.99801443,51.99801443,,,,,
13,WEGU,3,1,1,0,0,60.6,0.021430386,0.935470283,93.4,0.93522478,93.3977202,52.3977202,,,,,
13,WEGU,3,2,1,0,0,59.6,0.019099852,0.935470283,93.4,0.935275278,93.39818919,52.39818919,,,,,
13,WEGU,2,1,1,0,0,60,0.02,0.968344735,93.7,0.968138175,93.69814699,52.69814699,,,,,
13,WEGU,3,3,1,0,0,59.6,0.019099852,0.979557639,93.8,0.979371413,93.79834855,52.79834855,,,,,
13,WEGU,2,3,1,0,0,60,0.02,1.013981417,94.1,1.013784156,94.09831007,53.09831007,,,,,
13,WEGU,2,2,1,0,0,60,0.02,1.025722768,94.2,1.025527765,94.19834854,53.19834854,,,,,
13,WEGU,1,1,1,0,0,60,0.02,1.037600078,94.3,1.037407308,94.29838614,53.29838614,,,,,
13,WEGU,1,3,1,0,0,60,0.02,1.099081748,94.8,1.098899763,94.79856168,53.79856168,,,,,
13,WEGU,1,2,1,0,0,60,0.02,1.177687311,95.4,1.177517474,95.3987473,54.3987473,,,,,
13,WEGU,1,2,1,0,0,60.2,0.02046586,1.205119172,95.6,1.204945379,95.5987473,54.5987473,,,,,
13,WEGU,1,3,1,0,0,60.2,0.02046586,1.336687835,96.5,1.336531151,96.49898179,55.49898179,,,,,
13,WEGU,2,3,1,0,0,60.4,0.020942571,1.367823295,96.7,1.367662961,96.6989818,55.6989818,,,,,
13,WEGU,1,1,1,0,0,60.2,0.02046586,1.415891569,97,1.41574365,96.99909254,55.99909254,,,,,
13,WEGU,2,2,1,0,0,60.4,0.020942571,1.6444853,98.3,1.644351942,98.2992956,57.2992956,,,,,
13,WEGU,2,1,1,0,0,60.4,0.020942571,1.74192718,98.8,1.741801283,98.79937221,57.79937221,,,,,
